DB#,Book,Lesson#,MsgID,GregDate,HijriDate,AudioFilename,Duration
1,كتاب الطهارة,1,2371,06.09.2022,1444/02/09,AUD-20220906-WA0002.m4a,52:16
2,كتاب الطهارة,2,2392,13.09.2022,1444/02/16,AUD-20220912-WA0009.m4a,22:58
3,كتاب الطهارة,3,2402,20.09.2022,1444/02/23,AUD-20220919-WA0017.m4a,26:23
4,كتاب الطهارة,4,2421,09.10.2022,1444/03/07,الدرس_الرابع_من_كتاب_الطهارة_باب_بيان_النجاسات_من_الافنان_الندية.m4a,17:06
5,كتاب الطهارة,5,2464,18.10.2022,1444/03/18,ازالة النجاسات.m4a,24:32
6,كتاب الطهارة,6,2490,24.10.2022,1444/03/27,حسن (1) (1).mp3,46:11
7,كتاب الطهارة,7,2497,24.10.2022,1444/03/28,(رابط خارجي),43:27
8,كتاب الطهارة,8,2521,31.10.2022,1444/04/05,AUD-20221031-WA0000.m4a,31:48
9,كتاب الطهارة,9,2526,01.11.2022,1444/04/06,AUD-20221101-WA0000.m4a,29:23
10,كتاب الطهارة,10,2554,08.11.2022,1444/04/12,AUD-20221107-WA0007.m4a,34:29
11,كتاب الطهارة,11,2556,08.11.2022,1444/04/13,AUD-20221107-WA0008.m4a,24:17
12,كتاب الطهارة,12,2582,14.11.2022,1444/04/19,AUD-20221114-WA0002.m4a,29:58
13,كتاب الطهارة,13,2591,15.11.2022,1444/04/20,AUD-20221115-WA0001.m4a,37:42
14,كتاب الطهارة,14,2673,11.12.2022,1444/05/17,AUD-20221211-WA0006 (4).m4a,33:12
15,كتاب الطهارة,15,2681,13.12.2022,1444/05/18,AUD-20221213-WA0002.m4a,32:32
16,كتاب الطهارة,16,2702,19.12.2022,1444/05/24,AUD-20221218-WA0005.m4a,18:36
17,كتاب الطهارة,17,2706,19.12.2022,1444/05/25,AUD-20221219-WA0002.m4a,37:34
18,كتاب الصلاة,1,2733,26.12.2022,1444/06/02,AUD-20221226-WA0000.m4a,37:32
19,كتاب الصلاة,2,2771,02.01.2023,1444/06/08,AUD-20230101-WA0026.m4a,33:56
20,كتاب الصلاة,3,2774,03.01.2023,1444/06/09,AUD-20230102-WA0010.m4a,37:34
21,كتاب الصلاة,4,2826,09.01.2023,1444/06/15,AUD-20230108-WA0014.m4a,43:15
22,كتاب الصلاة,5,2835,10.01.2023,1444/06/16,AUD-20230109-WA0003.m4a,25:30
23,كتاب الصلاة,6,2870,17.01.2023,1444/06/23,AUD-20230116-WA0021.m4a,34:14
24,كتاب الصلاة,7,2894,23.01.2023,1444/06/30,AUD-20230122-WA0009.m4a,48:37
25,كتاب الصلاة,8,2901,24.01.2023,1444/07/01,AUD-20230124-WA0001.m4a,24:58
26,كتاب الصلاة,9,2936,31.01.2023,1444/07/08,AUD-20230131-WA0000.m4a,42:38
27,كتاب الصلاة,10,2959,06.02.2023,1444/07/14,AUD-20230205-WA0004.m4a,21:42
28,كتاب الصلاة,11,2964,08.02.2023,1444/07/15,AUD-20230207-WA0011.m4a,40:10
29,كتاب الصلاة,12,2986,13.02.2023,1444/07/21,AUD-20230212-WA0015 (1).m4a,12:53
30,كتاب الصلاة,13,2991,14.02.2023,1444/07/22,AUD-20230213-WA0008.m4a,25:36
31,كتاب الصلاة,14,3229,01.05.2023,1444/10/10,AUD-20230430-WA0017.m4a,37:00
32,كتاب الصلاة,15,3235,02.05.2023,1444/10/11,AUD-20230501-WA0012.m4a,34:49
33,كتاب الصلاة,16,3251,08.05.2023,1444/10/17,AUD-20230508-WA0000.m4a,37:35
34,كتاب الصلاة,17,3255,09.05.2023,1444/10/18,AUD-20230509-WA0002.m4a,34:10
35,كتاب الصلاة,18,3304,20.05.2023,1444/10/24,AUD-20230515-WA0008.m4a,51:33
36,كتاب الصلاة,19,3306,21.05.2023,1444/10/25,AUD-20230517-WA0011 (1).m4a,52:10
37,كتاب الصلاة,20,3322,25.05.2023,1444/11/01,AUD-20230524-WA0015.m4a,20:10
38,كتاب الصلاة,21,3324,25.05.2023,1444/10/02,AUD-20230524-WA0016.m4a,32:59
39,كتاب الصلاة,22,3337,30.05.2023,1444/11/08,AUD-20230530-WA0005.m4a,38:07
40,كتاب الصلاة,23,3369,08.06.2023,1444/11/15,AUD-20230608-WA0000.m4a,28:57
41,كتاب الصلاة,24,3528,13.08.2023,1445/01/26,AUD-20230813-WA0003.m4a,36:09
42,كتاب الصلاة,25,3632,04.09.2023,1445/02/18,AUD-20230904-WA0002.m4a,15:20
43,كتاب الصلاة,26,3683,17.09.2023,1445/03/02,AUD-20230917-WA0008.m4a,31:02
44,كتاب الصلاة,27,3707,24.09.2023,1445/03/09,AUD-20230924-WA0007.m4a,22:45
45,كتاب الصلاة,28,3745,06.10.2023,1445/03/16,AUD-20231001-WA0003.m4a,26:59
46,كتاب الصلاة,29,3765,09.10.2023,1445/03/23,AUD-20231009-WA0001.m4a,23:11
47,كتاب الصلاة,30,3848,03.12.2023,1445/05/19,الأفنان_الندية_باب_صلاة_الجمعة_الدرس_30.mp3,37:53
48,كتاب الصلاة,31,3849,03.12.2023,1445/05/19,الأفنان_الندية_تابع_باب_صلاة_الجمعة_الدرس_رقم_٣١.mp3,29:13
49,كتاب الصلاة,32,3850,03.12.2023,1445/05/19,الأفنان_الندية_تابع_باب_صلاة_الجمعة_الدرس_رقم_٣٢.mp3,21:30
50,كتاب الصلاة,33,3851,03.12.2023,1445/05/19,الأفنان_الندية_تابع_باب_صلاة_الجمعة_الدرس_رقم_٣٣.mp3,25:01
51,كتاب الصلاة,34,3852,03.12.2023,1445/05/19,الأفنان_الندية_ظاهرة_سيئة_الدرس_رقم_34.mp3,39:30
52,كتاب الصلاة,35,3853,03.12.2023,1445/05/19,الأفنان_الندية_باب_الرواتب_قبل_الفرائض_وبعدها_الدرس_رقم_٣٥.mp3,16:25
53,كتاب الصلاة,36,3854,03.12.2023,1445/05/19,الأفنان_الندية_باب_سبحة_الضحى_الدرس_رقم_36.mp3,19:55
54,كتاب الصلاة,37,3858,04.12.2023,1445/05/20,الأفنان_الندية_باب_التهجد_بالليل_الدرس_رقم_37.m4a,19:50
55,كتاب الصلاة,38,3871,11.12.2023,1445/05/27,الأفنان_الندية_شرح_منظومة_السبل_السوية_الدرس_رقم_٣٨_تابع_باب_التهجد.m4a,11:28
56,كتاب الصلاة,39,3872,11.12.2023,1445/05/27,الأفنان_الندية_شرح_منظومة_السبل_السوية_الدرس_رقم_٣٩_تابع_باب_التهجد.m4a,25:06
57,كتاب الصلاة,40,3876,17.12.2023,1445/06/04,الأفنان_الندية_باب_قيام_رمضان_الدرس_رقم_٤٠.m4a,14:53
58,كتاب الصلاة,41,3883,19.12.2023,1445/06/06,AUD-20231218-WA0002.m4a,19:57
59,كتاب الصلاة,42,3909,25.12.2023,1445/06/12,AUD-20231225-WA0005.m4a,21:49
60,كتاب الصلاة,43,3922,27.12.2023,1445/06/14,_⁨الأفنان_الندية_كتاب_الصلاة_الدرس_رقم_43⁩.m4a,48:29
61,كتاب الصلاة,44,3937,01.01.2024,1445/06/19,AUD-20240101-WA0001.m4a,24:49
62,كتاب الصلاة,45,3945,02.01.2024,1445/06/20,AUD-20240102-WA0001.m4a,33:55
63,كتاب الصلاة,46,3990,15.01.2024,1445/07/03,AUD-20240114-WA0015.m4a,16:27
64,كتاب الصلاة,47,4024,22.01.2024,1445/07/10,AUD-20240115-WA0009.m4a,27:01
65,كتاب الصلاة,48,4026,22.01.2024,1445/07/10,AUD-20240121-WA0007.m4a,25:23
66,كتاب الصلاة,49,4080,29.01.2024,1445/07/17,AUD-20240123-WA0000.m4a,27:58
67,كتاب الصلاة,50,4082,29.01.2024,1445/07/17,الأفنان الندية.m4a,39:15
68,كتاب الصلاة,51,4113,05.02.2024,1445/07/24,AUD-20240204-WA0003.m4a,40:14
69,كتاب الصلاة,52,4121,06.02.2024,1445/07/25,AUD-20240206-WA0001.m4a,37:18
70,كتاب الصلاة,53,4143,12.02.2024,1445/08/02,AUD-20240212-WA0001.m4a,20:27
71,كتاب الصلاة,54,4150,12.02.2024,1445/08/02,AUD-20240212-WA0006.m4a,23:13
72,كتاب الصلاة,55,4171,20.02.2024,1445/08/10,AUD-20240220-WA0001.m4a,24:09
73,كتاب الصلاة,56,4198,26.02.2024,1445/08/16,AUD-20240226-WA0001.m4a,24:59
74,كتاب الصلاة,57,4211,28.02.2024,1445/08/18,AUD-20240227-WA0001.m4a,26:22
75,كتاب الصلاة,58,4229,04.03.2024,1445/08/23,AUD-20240303-WA0006.m4a,20:52
76,كتاب الصلاة,59,4323,24.04.2024,1445/10/15,AUD-20240424-WA0003.m4a,48:20
77,كتاب الصلاة,60,4325,24.04.2024,1445/10/15,AUD-20240424-WA0002.m4a,42:54
78,كتاب الصلاة,61,4354,30.04.2024,1445/10/21,AUD-20240430-WA0000.m4a,44:40
79,كتاب الصلاة (الجنائز),62,4372,06.05.2024,1445/10/27,AUD-20240506-WA0004.m4a,30:59
80,كتاب الصلاة (الجنائز),63,4391,13.05.2024,1445/11/05,AUD-20240512-WA0003.m4a,17:25
81,كتاب الصلاة (الجنائز),64,4395,15.05.2024,1445/11/07,AUD-20240514-WA0000.m4a,15:03
82,كتاب الصلاة (الجنائز),65,4395,15.05.2024,1445/11/07,AUD-20240514-WA0000.m4a,15:03
83,كتاب الصلاة (الجنائز),66,4578,20.08.2024,1446/02/16,AUD-20240819-WA0003.m4a,37:45
84,كتاب الصلاة (الجنائز),67,4598,26.08.2024,1446/02/22,AUD-20240826-WA0004.m4a,37:45
85,كتاب الزكاة,1,4610,02.09.2024,1446/02/29,AUD-20240901-WA0000.m4a,31:12
86,كتاب الزكاة,2,4641,12.09.2024,1446/03/09,AUD-20240912-WA0001.m4a,13:04
87,كتاب الزكاة,3,4643,12.09.2024,1446/03/09,AUD-20240910-WA0000.m4a,33:23
88,كتاب الزكاة,4,4645,12.09.2024,1446/03/09,AUD-20240910-WA0001.m4a,25:45
89,كتاب الزكاة,5,4659,17.09.2024,1446/03/14,AUD-20240917-WA0001.m4a,31:37
90,كتاب الزكاة,6,4680,24.09.2024,1446/03/21,AUD-20240924-WA0001.m4a,11:40
91,كتاب الزكاة,7,4698,02.10.2024,1446/03/29,AUD-20241002-WA0000.m4a,31:57
92,كتاب الزكاة,8,4714,11.10.2024,1446/04/08,AUD-20241011-WA0003.m4a,20:00
93,كتاب الزكاة,9,4729,11.10.2024,1446/04/08,AUD-20241011-WA0010.m4a,31:45
94,كتاب الزكاة,10,4757,15.10.2024,1446/04/12,AUD-20241015-WA0040.m4a,27:55
95,كتاب الصوم,1,,,,(رابط خارجي),
96,كتاب الصوم,2,,,,(رابط خارجي),
97,كتاب الصوم,3,,,,(رابط خارجي),
98,كتاب الصوم,4,,,,(رابط خارجي),
99,كتاب الصوم,5,,,,(رابط خارجي),
100,كتاب الصوم,6,,,,(رابط خارجي),
101,كتاب الصوم,7,,,,(رابط خارجي),
102,كتاب الصوم,8,,,,(رابط خارجي),
103,كتاب الصوم,9,,,,(رابط خارجي),
104,كتاب الصوم,10,,,,(رابط خارجي),
105,كتاب الحج,1,,,,(archive.org),
106,كتاب الحج,2,,,,(archive.org),
107,كتاب الحج,3,,,,(archive.org),
108,كتاب الحج,4,,,,(archive.org),
109,كتاب الحج,5,,,,(archive.org),
110,كتاب الحج,6,,,,(archive.org),
111,كتاب الحج,7,,,,(archive.org),
112,كتاب الحج,8,,,,(archive.org),
113,كتاب الحج,9,,,,(archive.org),
114,كتاب الحج,10,,,,(archive.org),
115,كتاب الحج,11,4745,14.10.2024,1446/04/11,AUD-20220705-WA0000.m4a,
116,كتاب الحج,12,4745,14.10.2024,1446/04/11,(batch — see mid=4745),
117,كتاب الحج,13,4745,14.10.2024,1446/04/11,(batch — see mid=4745),
118,كتاب الحج,14,4745,14.10.2024,1446/04/11,(batch — see mid=4745),
119,كتاب الحج,15,4745,14.10.2024,1446/04/11,(batch — see mid=4745),
120,كتاب الحج,16,4745,14.10.2024,1446/04/11,(batch — see mid=4745),
121,كتاب الحج,17,4745,14.10.2024,1446/04/11,(batch — see mid=4745),
122,كتاب الحج,18,4745,14.10.2024,1446/04/11,(batch — see mid=4745),
123,كتاب الجهاد,1,4764,18.10.2024,1446/04/15,AUD-20241018-WA0001.m4a,32:48
124,كتاب الجهاد,2,4777,21.10.2024,1446/04/18,AUD-20241020-WA0005.m4a,32:01
125,كتاب الجهاد,3,4781,23.10.2024,1446/04/20,AUD-20241023-WA0002.m4a,28:31
126,كتاب الجهاد,4,4797,30.10.2024,1446/04/27,AUD-20241030-WA0013.m4a,27:18
127,كتاب الجهاد,5,4823,09.11.2024,1446/05/07,AUD-20241104-WA0005.m4a,22:21
128,كتاب الجهاد,6,4827,09.11.2024,1446/05/07,AUD-20241105-WA0001.m4a,30:41
129,كتاب الجهاد,7,4859,23.11.2024,1446/05/21,AUD-20241123-WA0006.m4a,19:26
130,كتاب الجهاد,8,4865,23.11.2024,1446/05/21,AUD-20241123-WA0009.m4a,32:13
131,كتاب الجهاد,9,4881,27.11.2024,1446/05/25,AUD-20241126-WA0015.m4a,22:54
132,كتاب الجهاد,10,4911,02.12.2024,1446/06/01,AUD-20241201-WA0005.m4a,22:26
133,كتاب الجهاد,11,4923,04.12.2024,1446/06/03,AUD-20241203-WA0001.m4a,16:47
134,كتاب الجهاد,12,4974,16.12.2024,1446/06/15,AUD-20241210-WA0012.m4a,21:41
135,كتاب الجهاد,13,4976,16.12.2024,1446/06/15,AUD-20241216-WA0006.m4a,33:58
136,كتاب الجهاد,14,4983,23.12.2024,1446/06/22,AUD-20241217-WA0000.m4a,22:29
137,كتاب الجهاد,15,4995,23.12.2024,1446/06/22,AUD-20241223-WA0024.m4a,38:57
138,كتاب الجهاد,16,5008,25.12.2024,1446/06/24,AUD-20241225-WA0010.m4a,32:10
139,كتاب الجهاد,17,5028,30.12.2024,1446/06/29,AUD-20241230-WA0000.m4a,13:11
140,كتاب الجهاد,18,5061,08.01.2025,1446/07/08,AUD-20250108-WA0029.m4a,26:06
141,كتاب الجهاد,19,5087,19.01.2025,1446/07/19,AUD-20250113-WA0002.m4a,42:07
142,كتاب البيوع,1,5103,26.01.2025,1446/07/26,AUD-20250126-WA0001.m4a,28:28
143,كتاب البيوع,2,5122,29.01.2025,1446/07/29,AUD-20250129-WA0003.m4a,24:22
144,كتاب البيوع,3,5134,03.02.2025,1446/08/04,AUD-20250202-WA0002.m4a,23:53
145,كتاب البيوع,4,5158,18.02.2025,1446/08/19,AUD-20250217-WA0028.m4a,29:15
146,كتاب البيوع,5,5538,07.07.2025,1447/01/12,AUD-20250707-WA0000.m4a,14:32
147,كتاب البيوع,6,5543,08.07.2025,1447/01/13,AUD-20250708-WA0002.m4a,15:39
148,كتاب البيوع,7,5590,15.07.2025,1447/01/20,AUD-20250715-WA0004.m4a,19:30
149,كتاب البيوع,8,5813,26.10.2025,1447/05/04,AUD-20251026-WA0007.m4a,09:33
150,كتاب البيوع,9,5818,26.10.2025,1447/05/04,AUD-20251021-WA0026.m4a,17:12
151,كتاب البيوع,10,5705,08.10.2025,1447/04/16,4_5996911497937164265.mp3,18:36
152,كتاب البيوع,11,5718,10.10.2025,1447/04/18,Mp3 Editor_251010204807.mp3,23:24
153,كتاب البيوع,12,5719,10.10.2025,1447/04/18,Mp3 Editor_251010205658.mp3,10:37
154,كتاب البيوع,13,5730,14.10.2025,1447/04/22,Mp3 Editor_251013232558.mp3,13:02
155,كتاب البيوع,14,5734,15.10.2025,1447/04/23,AUD-20251012-WA0011.m4a,23:00
156,كتاب البيوع,15,5749,16.10.2025,1447/04/24,Mp3 Editor_251015224410.mp3,14:15
157,كتاب البيوع,16,5751,16.10.2025,1447/04/24,Mp3 Editor_251015230010.mp3,13:16
158,كتاب البيوع,17,5757,17.10.2025,1447/04/25,AUD-20251012-WA0037.m4a,16:31
159,كتاب البيوع,18,5813,26.10.2025,1447/05/04,AUD-20251026-WA0007.m4a,09:33
160,كتاب البيوع,19,5818,26.10.2025,1447/05/04,AUD-20251021-WA0026.m4a,17:12
161,كتاب البيوع,20,5819,26.10.2025,1447/05/04,AUD-20251021-WA0036.m4a,18:56
162,كتاب البيوع,21,5830,29.10.2025,1447/05/07,AUD-20251029-WA0000.m4a,25:02
163,كتاب البيوع,22,5894,27.11.2025,1447/06/06,AUD-20251127-WA0003.m4a,12:14
164,كتاب البيوع,23,5903,30.11.2025,1447/06/09,AUD-20251129-WA0010.m4a,26:07
165,كتاب البيوع,24,5993,13.12.2025,1447/06/22,AUD-20251213-WA0003.m4a,14:21
166,كتاب البيوع,25,5995,13.12.2025,1447/06/22,AUD-20251213-WA0005.m4a,10:30
167,كتاب البيوع,26,5925,02.12.2025,1447/06/11,AUD-20251202-WA0007.m4a,24:15
168,كتاب البيوع,27,5960,08.12.2025,1447/06/17,AUD-20251204-WA0005.m4a,16:12
169,كتاب البيوع,28,5996,13.12.2025,1447/06/22,AUD-20251213-WA0006.m4a,16:12
170,كتاب البيوع,29,5997,13.12.2025,1447/06/22,AUD-20251213-WA0004.m4a,41:02
171,كتاب البيوع,30,6035,18.12.2025,1447/06/27,AUD-20251217-WA0005.m4a,11:39
172,كتاب البيوع,31,6036,18.12.2025,1447/06/27,AUD-20251217-WA0004.m4a,19:41
173,كتاب الفرائض,1,6072,22.12.2025,1447/07/01,AUDIO-2025-12-22-14-05-30.m4a,21:26
174,كتاب الفرائض,2,6080,22.12.2025,1447/07/02,AUDIO-2025-12-22-21-23-10.m4a,20:31
175,كتاب الفرائض,3,6119,30.12.2025,1447/07/09,AUDIO-2025-12-29-22-32-50.m4a,46:49
176,كتاب الفرائض,4,6222,19.01.2026,1447/07/29,AUDIO-2026-01-18-21-18-16.m4a,17:21
177,كتاب الفرائض,5,6283,27.01.2026,1447/08/07,AUDIO-2026-01-26-21-28-55.m4a,23:53
178,كتاب الفرائض,6,6340,02.02.2026,1447/08/13,AUDIO-2026-02-01-22-04-15.m4a,31:59
179,كتاب الفرائض,7,6395,09.02.2026,1447/08/20,AUDIO-2026-02-08-21-21-26.m4a,15:21
180,كتاب الفرائض,8,6405,10.02.2026,1447/08/21,AUDIO-2026-02-09-21-59-45.m4a,28:56
181,كتاب الفرائض,9,6578,31.03.2026,1447/10/10,AUDIO-2026-03-29-23-35-39.m4a,31:05
182,كتاب النكاح,1,6581,31.03.2026,1447/11/10,AUDIO-2026-03-30-21-50-32.m4a,10:40
183,كتاب النكاح,2,6686,08.04.2026,1447/18/10,AUDIO-2026-04-06-21-46-52.m4a,25:06
184,كتاب النكاح,3,6802,16.04.2026,1447/10/24,AUDIO-2026-04-13-02-48-27.m4a,19:42
185,كتاب النكاح,4,6807,16.04.2026,1447/10/25,AfnanNadiyyah.m4a,22:58
186,كتاب النكاح,5,6856,20.04.2026,1447/11/02,AUDIO-2026-04-19-21-56-10.m4a,21:35
187,كتاب النكاح,6,6879,24.04.2026,1447/11/03,AUDIO-2026-04-20-22-44-13.m4a,10:45
188,كتاب النكاح,7,6947,29.04.2026,1447/11/09,AUDIO-2026-04-26-22-47-52.m4a,15:29
189,كتاب النكاح,8,6950,29.04.2026,1447/11/10,AUDIO-2026-04-27-21-42-44.m4a,11:42
190,كتاب النكاح,9,7062,03.05.2026,1447/11/16,تسجيل جديد ٦٤٥.m4a,19:19
191,كتاب النكاح,9,7081,04.05.2026,1447/11/16,AUDIO-2026-05-03-21-54-27.m4a,19:18
192,كتاب النكاح,10,7135,08.05.2026,1447/11/17,AUDIO-2026-05-04-21-48-28.m4a,15:59
193,كتاب النكاح,11,7212,12.05.2026,1447/11/23,AUDIO-2026-05-10-21-50-47.m4a,13:44
194,كتاب النكاح,12,7225,12.05.2026,1447/11/24,AUDIO-2026-05-11-21-53-36.m4a,17:52
195,كتاب النكاح,13,7349,18.05.2026,1447/11/30,AUDIO-2026-05-17-22-26-07.m4a,19:32
196,كتاب النكاح,14,7430,21.05.2026,1447/11/30,AUDIO-2026-05-18-21-43-24.m4a,10:32
