DB#,Section,Lesson#,MsgID,GregDate,HijriDate,AudioFilename,Duration
1,فتاوى العقيدة,1,3544,15.08.2023,1445/01/28,AUD-20230815-WA0007.m4a,7:33
2,فتاوى العقيدة,2,3555,17.08.2023,1445/02/01,Ringtone_AUD-20230817-WA0003.mp3,10:34
3,فتاوى العقيدة,3,3566,20.08.2023,1445/02/04,AUD-20230820-WA0008.m4a,5:53
4,فتاوى العقيدة,4,3574,23.08.2023,1445/02/06,AUD-20230822-WA0002.m4a,13:48
5,فتاوى العقيدة,5,3587,25.08.2023,1445/02/08,AUD-20230824-WA0005.m4a,9:35
6,فتاوى العقيدة,6,3613,30.08.2023,1445/02/13,AUD-20230829-WA0003.m4a,7:05
7,فتاوى العقيدة,7,3619,31.08.2023,1445/02/15,AUD-20230831-WA0007.m4a,8:22
8,فتاوى العقيدة,8,3637,05.09.2023,1445/02/20,AUD-20230905-WA0005.m4a,10:48
9,فتاوى العقيدة,9,3654,08.09.2023,1445/02/22,Ringtone_AUD-20230908-WA0000.mp3,5:37
10,فتاوى العقيدة,10,3659,10.09.2023,1445/02/25,AUD-20230910-WA0000.m4a,8:42
11,فتاوى العقيدة,11,3674,15.09.2023,1445/02/30,AUD-20230915-WA0003.m4a,10:23
12,فتاوى العقيدة,12,3677,16.09.2023,1445/03/01,Ringtone_AUD-20230915-WA0006.mp3,9:50
13,فتاوى العقيدة,13,3681,17.09.2023,1445/03/02,AUD-20230917-WA0005.m4a,7:15
14,فتاوى العقيدة,14,3692,20.09.2023,1445/03/05,AUD-20230919-WA0007.m4a,6:38
15,فتاوى العقيدة,15,3701,24.09.2023,1445/03/09,Ringtone_AUD-20230924-WA0006 (1).mp3,7:33
16,فتاوى العقيدة,16,3716,26.09.2023,1445/03/11,AUD-20230926-WA0002.m4a,9:21
17,فتاوى العقيدة,17,3724,29.09.2023,1445/03/14,AUD-20230929-WA0001.m4a,6:43
18,فتاوى العقيدة,18,3743,06.10.2023,1445/03/21,AUD-20231006-WA0000.m4a,7:15
19,فتاوى العقيدة,19,3749,06.10.2023,1445/03/21,AUD-20231006-WA0004.m4a,8:02
20,فتاوى العقيدة,20,3770,14.10.2023,1445/03/29,Ringtone_AUD-20231014-WA0000.mp3,8:29
21,فتاوى العقيدة,21,3780,16.10.2023,1445/04/01,AUD-20231016-WA0006.m4a,6:32
22,فتاوى العقيدة,22,3790,20.10.2023,1445/04/05,Ringtone_AUD-20231020-WA0001.m4a,14:24
23,فتاوى العقيدة,23,3823,26.11.2023,1445/05/12,الدرس_23_من_فتاوى_أركان_الإسلام_للشيخ_حسن_بن_محمد_الدغريري.mp3,07:55
24,فتاوى العقيدة,24,3824,26.11.2023,1445/05/12,الدرس_24_من_فتاوى_أركان_الإسلام_للشيخ_حسن_بن_محمد_الدغريري.mp3,10:58
25,فتاوى العقيدة,25,3825,26.11.2023,1445/05/12,الدرس_25_من_فتاوى_أركان_الإسلام_للشيخ_حسن_بن_محمد_الدغريري.mp3,07:37
26,فتاوى العقيدة,26,3826,26.11.2023,1445/05/12,الدرس_26_من_فتاوى_أركان_الإسلام_للشيخ_حسن_بن_محمد_الدغريري.mp3,10:04
27,فتاوى العقيدة,28,3863,06.12.2023,1445/05/22,من_فتاوى_أركان_الإسلام_في_العقيدة_الدرس_رقم_٢٨.m4a,08:21
28,فتاوى العقيدة,29,3875,17.12.2023,1445/06/04,فتاوى_اركان_الإسلام_الدرس_رقم_٢٩.m4a,06:01
29,فتاوى العقيدة,30,3935,01.01.2024,1445/06/19,AUD-20231231-WA0013.m4a,06:17
30,فتاوى العقيدة,31,3949,03.01.2024,1445/06/21,AUD-20240102-WA0010.m4a,06:23
31,فتاوى العقيدة,32,3988,15.01.2024,1445/07/03,AUD-20240114-WA0012.m4a,05:11
32,فتاوى العقيدة,33,4049,25.01.2024,1445/07/13,AUD-20240119-WA0000.m4a,8:23
33,فتاوى العقيدة,34,4051,25.01.2024,1445/07/13,AUD-20240125-WA0002.m4a,8:00
34,فتاوى العقيدة,35,4101,01.02.2024,1445/07/20,AUD-20240201-WA0010.m4a,11:28
35,فتاوى العقيدة,36,4129,09.02.2024,1445/07/28,AUD-20240208-WA0001.m4a,11:56
36,فتاوى العقيدة,37,4131,09.02.2024,1445/07/28,AUD-20240208-WA0002.m4a,6:08
37,فتاوى العقيدة,38,4141,12.02.2024,1445/08/02,AUD-20240211-WA0012.m4a,7:49
38,فتاوى العقيدة,39,4157,15.02.2024,1445/08/05,AUD-20240215-WA0004.m4a,11:49
39,فتاوى العقيدة,40,4166,19.02.2024,1445/08/09,AUD-20240219-WA0000.m4a,5:04
40,فتاوى العقيدة,41,4173,20.02.2024,1445/08/10,AUD-20240220-WA0002.m4a,10:40
41,فتاوى العقيدة,42,4186,23.02.2024,1445/08/13,AUD-20240222-WA0005.m4a,5:28
42,فتاوى العقيدة,43,4191,25.02.2024,1445/08/15,AUD-20240225-WA0003.m4a,6:32
43,فتاوى العقيدة,44,4217,01.03.2024,1445/08/20,AUD-20240229-WA0004.m4a,4:11
44,فتاوى العقيدة,45,4227,04.03.2024,1445/08/23,AUD-20240303-WA0005.m4a,7:06
45,فتاوى العقيدة,46,4232,04.03.2024,1445/08/23,AUD-20240304-WA0005.m4a,11:16
46,فتاوى العقيدة,47,4234,08.03.2024,1445/08/27,AUD-20240307-WA0023.m4a,7:30
47,فتاوى العقيدة,48,4236,08.03.2024,1445/08/27,AUD-20240307-WA0024.m4a,9:05
48,فتاوى العقيدة,49,4321,24.04.2024,1445/10/15,AUD-20240421-WA0011.m4a,6:04
49,فتاوى العقيدة,50,4331,26.04.2024,1445/10/17,AUD-20240425-WA0000.m4a,5:50
50,كتاب الصيام,1,4243,12.03.2024,1445/09/02,AUD-20240311-WA0005.m4a,6:47
51,كتاب الصيام,2,4247,15.03.2024,1445/09/05,AUD-20240315-WA0000.m4a,6:30
52,كتاب الصيام,3,4251,19.03.2024,1445/09/09,AUD-20240318-WA0031.m4a,12:02
53,كتاب الصيام,4,4253,19.03.2024,1445/09/09,AUD-20240318-WA0032.m4a,6:32
54,كتاب الصيام,5,4255,21.03.2024,1445/09/11,AUD-20240320-WA0001.m4a,10:56
55,كتاب الصيام,6,4257,22.03.2024,1445/09/12,AUD-20240321-WA0001.m4a,7:01
56,كتاب الصيام,7,4264,24.03.2024,1445/09/14,AUD-20240323-WA0007-[AudioTrimmer.com].m4a,11:03
57,كتاب الصيام,8,4269,24.03.2024,1445/09/14,AUD-20240324-WA0008.m4a,5:50
58,كتاب الصيام,9,4273,27.03.2024,1445/09/17,AUD-20240327-WA0012.m4a,5:48
59,كتاب الصيام,10,4275,28.03.2024,1445/09/18,AUD-20240328-WA0000.m4a,7:07
60,كتاب الصيام,11,4279,01.04.2024,1445/09/22,AUD-20240331-WA0005.m4a,8:34
61,كتاب الصيام,12,4281,03.04.2024,1445/09/24,AUD-20240403-WA0018.m4a,8:09
62,كتاب الصيام,13,4289,08.04.2024,1445/09/29,AUD-20240408-WA0000.m4a,10:09
63,كتاب الصلاة,1,4350,30.04.2024,1445/10/21,AUD-20240429-WA0005.m4a,6:54
64,كتاب الصلاة,2,4352,30.04.2024,1445/10/21,AUD-20240430-WA0005.m4a,10:26
65,كتاب الصلاة,3,4366,06.05.2024,1445/10/27,AUD-20240505-WA0005.m4a,8:47
66,كتاب الصلاة,4,4380,08.05.2024,1445/10/29,AUD-20240507-WA0006.m4a,6:30
67,كتاب الصلاة,5,4384,09.05.2024,1445/11/01,AUD-20240509-WA0000.m4a,7:31
68,كتاب الصلاة,6,4389,13.05.2024,1445/11/05,AUD-20240512-WA0004.m4a,8:18
69,كتاب الصلاة,7,4401,16.05.2024,1445/11/08,AUD-20240516-WA0006.m4a,7:01
70,كتاب الصلاة,8,4498,23.06.2024,1445/12/17,AUD-20240623-WA0004.m4a,9:06
71,كتاب الصلاة,9,4500,26.06.2024,1445/12/20,AUD-20240625-WA0013.m4a,11:07
72,كتاب الصلاة,10,4505,01.07.2024,1445/12/25,AUD-20240701-WA0003.m4a,6:18
73,كتاب الصلاة,11,4509,07.07.2024,1446/01/01,AUD-20240707-WA0000.m4a,11:51
74,كتاب الصلاة,12,4518,18.07.2024,1446/01/12,AUD-20240718-WA0002.m4a,6:46
75,كتاب الصلاة,13,4526,29.07.2024,1446/01/23,AUD-20240729-WA0001.m4a,6:31
76,كتاب الصلاة,14,4528,29.07.2024,1446/01/23,AUD-20240729-WA0000.m4a,5:55
77,كتاب الصلاة,15,4542,05.08.2024,1446/02/01,AUD-20240805-WA0007.m4a,5:43
78,كتاب الصلاة,16,4544,05.08.2024,1446/02/01,AUD-20240805-WA0008.m4a,9:23
79,كتاب الصلاة,17,4546,07.08.2024,1446/02/03,AUD-20240807-WA0008.m4a,7:14
80,كتاب الصلاة,18,4552,10.08.2024,1446/02/06,AUD-20240810-WA0003.m4a,7:39
81,كتاب الصلاة,19,4556,13.08.2024,1446/02/09,AUD-20240813-WA0000.m4a,6:33
82,كتاب الصلاة,20,4558,15.08.2024,1446/02/11,AUD-20240815-WA0000.m4a,6:54
83,كتاب الصلاة,21,4560,15.08.2024,1446/02/11,AUD-20240815-WA0001.m4a,8:22
84,كتاب الصلاة,22,4596,26.08.2024,1446/02/22,AUD-20240826-WA0003.m4a,4:23
85,كتاب الصلاة,23,4614,03.09.2024,1446/02/30,AUD-20240903-WA0000.m4a,5:58
86,كتاب الصلاة,24,4621,05.09.2024,1446/03/02,AUD-20240904-WA0007.m4a,9:58
87,كتاب الصلاة,25,4623,05.09.2024,1446/03/02,AUD-20240905-WA0001.m4a,5:42
88,كتاب الصلاة,26,4657,17.09.2024,1446/03/14,AUD-20240917-WA0000.m4a,4:19
89,كتاب الصلاة,27,4663,19.09.2024,1446/03/16,AUD-20240918-WA0000.m4a,8:43
90,كتاب الصلاة,28,4669,20.09.2024,1446/03/17,AUD-20240920-WA0002.m4a,10:12
91,كتاب الصلاة,29,4682,24.09.2024,1446/03/21,AUD-20240924-WA0002.m4a,7:16
92,كتاب الصلاة,30,4712,11.10.2024,1446/04/08,AUD-20241011-WA0002.m4a,9:13
93,كتاب الصلاة,31,4716,11.10.2024,1446/04/08,AUD-20241011-WA0004.m4a,10:21
94,كتاب الصلاة,32,4720,11.10.2024,1446/04/08,AUD-20241011-WA0006.m4a,7:58
95,كتاب الصلاة,33,4727,11.10.2024,1446/04/08,AUD-20241011-WA0009.m4a,6:00
96,كتاب الصلاة,34,4731,11.10.2024,1446/04/08,AUD-20241011-WA0011.m4a,5:46
97,كتاب الصلاة,35,4761,15.10.2024,1446/04/12,AUD-20241015-WA0039.m4a,6:56
98,كتاب الصلاة,36,4775,21.10.2024,1446/04/18,AUD-20241020-WA0004.m4a,6:52
99,كتاب الصلاة,37,4793,30.10.2024,1446/04/27,AUD-20241030-WA0011.m4a,11:58
100,كتاب الصلاة,38,4821,09.11.2024,1446/05/07,AUD-20241104-WA0004.m4a,6:56
101,كتاب الصلاة,39,4832,11.11.2024,1446/05/09,AUD-20241109-WA0003.m4a,7:12
102,كتاب الصلاة,40,4834,11.11.2024,1446/05/09,AUD-20241111-WA0000.m4a,7:04
103,كتاب الصلاة,41,4857,23.11.2024,1446/05/21,AUD-20241122-WA0004.m4a,9:02
104,كتاب الصلاة,42,4863,23.11.2024,1446/05/21,AUD-20241123-WA0008.m4a,10:14
105,كتاب الصلاة,43,4883,27.11.2024,1446/05/25,AUD-20241127-WA0005.m4a,8:27
106,كتاب الصلاة,44,4885,27.11.2024,1446/05/25,AUD-20241126-WA0014.m4a,12:55
107,كتاب الصلاة,45,4921,04.12.2024,1446/06/03,AUD-20241203-WA0000.m4a,17:37
108,كتاب الصلاة,46,4960,13.12.2024,1446/06/12,AUD-20241213-WA0008.m4a,7:55
109,كتاب الصلاة,47,4962,13.12.2024,1446/06/12,AUD-20241212-WA0041.m4a,4:59
110,كتاب الصلاة,48,4989,23.12.2024,1446/06/22,AUD-20241219-WA0001.m4a,7:28
111,كتاب الصلاة,49,4993,23.12.2024,1446/06/22,AUD-20241223-WA0023.m4a,7:44
112,كتاب الصلاة,50,5068,08.01.2025,1446/07/08,AUD-20250108-WA0034.m4a,5:50
113,كتاب الصلاة,51,5070,08.01.2025,1446/07/08,AUD-20250108-WA0033.m4a,8:18
114,كتاب الصلاة,52,5077,13.01.2025,1446/07/13,AUD-20250113-WA0000.m4a,5:43
115,كتاب الصلاة,53,5111,26.01.2025,1446/07/26,AUD-20250126-WA0005.m4a,6:10
116,كتاب الصلاة,54,5120,29.01.2025,1446/07/29,AUD-20250129-WA0002.m4a,7:24
117,كتاب الصلاة,55,5132,03.02.2025,1446/08/04,AUD-20250202-WA0001.m4a,4:57
118,كتاب الصلاة,56,5139,08.02.2025,1446/08/09,AUD-20250206-WA0000.m4a,6:37
119,كتاب الصلاة,57,5164,18.02.2025,1446/08/19,AUD-20250218-WA0000.m4a,8:19
120,كتاب الصلاة,58,5168,18.02.2025,1446/08/19,AUD-20250218-WA0002.m4a,4:36
121,كتاب الصلاة,59,5345,21.04.2025,1446/10/23,AUD-20250421-WA0001.m4a,5:44
122,كتاب الصلاة,60,5350,24.04.2025,1446/10/26,AUD-20250424-WA0000.m4a,4:57
123,كتاب الصلاة,61,5366,30.04.2025,1446/11/02,AUD-20250430-WA0008.m4a,5:58
124,كتاب الصلاة,62,5373,05.05.2025,1446/11/07,AUD-20250504-WA0001.m4a,3:19
125,كتاب الصلاة,63,5464,08.06.2025,1446/12/12,AUD-20250608-WA0005.m4a,9:24
126,كتاب الصلاة,64,5482,17.06.2025,1446/12/21,AUD-20250617-WA0003.m4a,8:49
127,كتاب الصلاة,65,5484,17.06.2025,1446/12/21,AUD-20250617-WA0001.m4a,6:37
128,كتاب الصلاة,66,5486,17.06.2025,1446/12/21,AUD-20250617-WA0002.m4a,11:35
129,كتاب الصلاة,67,5499,22.06.2025,1446/12/26,AUD-20250622-WA0003.m4a,12:05
130,كتاب الصلاة,68,5511,30.06.2025,1447/01/05,AUD-20250630-WA0007.m4a,7:52
131,كتاب الحج,1,4410,20.05.2024,1445/11/12,AUD-20240520-WA0007.m4a,7:01
132,كتاب الحج,2,4422,22.05.2024,1445/11/14,AUD-20240522-WA0002.m4a,9:49
133,كتاب الحج,3,4427,24.05.2024,1445/11/16,AUD-20240524-WA0005.m4a,6:12
134,كتاب الحج,4,4432,29.05.2024,1445/11/21,AUD-20240529-WA0000.m4a,4:48
135,كتاب الحج,5,4437,01.06.2024,1445/11/24,AUD-20240601-WA0003.m4a,9:12
136,كتاب الحج,6,4440,03.06.2024,1445/11/26,AUD-20240603-WA0000.m4a,4:54
137,كتاب الحج,7,4469,14.06.2024,1445/12/08,AUD-20240613-WA0002.m4a,10:21
138,كتاب الحج,8,5397,12.05.2025,1446/11/14,AUD-20250511-WA0000.m4a,7:00
139,كتاب الحج,9,5400,13.05.2025,1446/11/15,AUD-20250513-WA0002.m4a,5:42
140,كتاب الحج,10,5428,26.05.2025,1446/11/28,AUD-20250525-WA0006.m4a,9:05
141,كتاب الحج,11,5434,28.05.2025,1446/12/01,AUD-20250527-WA0004.m4a,12:11
142,كتاب الحج,12,5443,02.06.2025,1446/12/06,AUD-20250602-WA0011.m4a,5:45
143,كتاب الحج,13,5450,03.06.2025,1446/12/07,AUD-20250603-WA0000.m4a,5:17
144,كتاب الزكاة,1,5521,02.07.2025,1447/01/07,AUD-20250701-WA0000.m4a,10:40
145,كتاب الزكاة,2,5584,15.07.2025,1447/01/20,AUD-20250715-WA0003.m4a,11:13
146,كتاب الزكاة,3,5586,15.07.2025,1447/01/20,AUD-20250715-WA0002.m4a,9:31
147,كتاب الزكاة,4,5599,18.07.2025,1447/01/23,AUD-20250718-WA0004.m4a,6:51
148,كتاب الزكاة,5,5605,18.07.2025,1447/01/23,AUD-20250718-WA0007.m4a,6:59
149,كتاب الزكاة,6,5629,06.08.2025,1447/02/12,AUD-20250806-WA0002.m4a,6:18
150,كتاب الزكاة,7,5637,09.08.2025,1447/02/15,AUD-20250808-WA0000.m4a,7:45
151,كتاب الزكاة,8,5643,13.08.2025,1447/02/19,AUD-20250813-WA0000.m4a,7:08
