#,Filename,Category,DateHint
1,222_1024_هل_الردود_على_أهل_الباطل_تقسي_القلوب؟_الشيخ_صالح_الفوزانM4A.m4a,غير مصنف / يحتاج تحديد,
2,4_5874187862630466395.m4a,غير مصنف / يحتاج تحديد,
3,4_5900009386402647755.m4a,غير مصنف / يحتاج تحديد,
4,4_5951754688528388802.m4a,غير مصنف / يحتاج تحديد,
5,4_5992475423785622177 (1).m4a,غير مصنف / يحتاج تحديد,
6,Fiqh44.m4a,غير مصنف / يحتاج تحديد,
7,PTT-20240612-WA0002.m4a,غير مصنف / يحتاج تحديد,
8,RxHz_fCLljQ.m4a,غير مصنف / يحتاج تحديد,
9,S-LD0gmmtd4.m4a,غير مصنف / يحتاج تحديد,
10,_⁨الأفنان_الندية_كتاب_الصلاة_الدرس_رقم_43⁩.m4a,غير مصنف / يحتاج تحديد,
11,audio.m4a,غير مصنف / يحتاج تحديد,
12,combined_audio.m4a,غير مصنف / يحتاج تحديد,
13,dzybJzR7tug.m4a,غير مصنف / يحتاج تحديد,
14,m_1393hf7bz1.m4a,غير مصنف / يحتاج تحديد,
15,m_2230775m51.m4a,غير مصنف / يحتاج تحديد,
16,أحكام القضاء للصيام ١٤٤١.m4a,غير مصنف / يحتاج تحديد,
17,أخطاء_في_الطهارة_والصلاة_١_٧_٧_١٤٤٢.m4a,غير مصنف / يحتاج تحديد,
18,أخطاء_في_الطهارة_والصلاة_٢_١٤_٧_١٤٤٢.m4a,غير مصنف / يحتاج تحديد,
19,أضرار القات ١٩-٢-١٤٤١.m4a,غير مصنف / يحتاج تحديد,
20,أهمية_العناية_بالتوحيد_والدعوة_إليه.m4a,غير مصنف / يحتاج تحديد,
21,أهمية_طلب_العلم_في_زمن_الفتن_١٤٤٠،٤،٢٩.m4a,غير مصنف / يحتاج تحديد,
22,اشراط الساعة الصغرى 1.m4a,غير مصنف / يحتاج تحديد,
23,الامر بالمعروف والنهي عن المنكر.m4a,غير مصنف / يحتاج تحديد,
24,الأفنان_الندية_باب_سبحة_الضحى_الدرس_رقم_36.m4a,غير مصنف / يحتاج تحديد,
25,التحذير_من_سبل_الشيطان_من_إفراط_أو_تفريط.m4a,غير مصنف / يحتاج تحديد,
26,التعليق_على_إرشاد_الساري_38_والأخير.m4a,غير مصنف / يحتاج تحديد,
27,التعليق_على_تأسيس_الأحكام_على_ما_صح_من_خير_الأنام_بشرح_zos88VZk4dU.m4a,غير مصنف / يحتاج تحديد,
28,التعليق_على_كتاب_تأسيس_الأحكام_على_ما_صح_من_خير_الأنام_بشرح_عمدة (1).m4a,غير مصنف / يحتاج تحديد,
29,التعليق_على_كتاب_تأسيس_الأحكام_على_ما_صح_من_خير_الأنام_بشرح_عمدة (2).m4a,غير مصنف / يحتاج تحديد,
30,التعليق_على_كتاب_تأسيس_الأحكام_على_ما_صح_من_خير_الأنام_بشرح_عمدة (3).m4a,غير مصنف / يحتاج تحديد,
31,التعليق_على_كتاب_تأسيس_الأحكام_على_ما_صح_من_خير_الأنام_بشرح_عمدة.m4a,غير مصنف / يحتاج تحديد,
32,التعليق_على_كتاب_﴿تأسيس_الأحكام_على_ما_صح_من_خير_الأنام_بشرح_عمدة (1).m4a,غير مصنف / يحتاج تحديد,
33,التعليق_على_كتاب_﴿تأسيس_الأحكام_على_ما_صح_من_خير_الأنام_بشرح_عمدة (2).m4a,غير مصنف / يحتاج تحديد,
34,التعليق_على_كتاب_﴿تأسيس_الأحكام_على_ما_صح_من_خير_الأنام_بشرح_عمدة (3).m4a,غير مصنف / يحتاج تحديد,
35,التعليق_على_كتاب_﴿تأسيس_الأحكام_على_ما_صح_من_خير_الأنام_بشرح_عمدة.m4a,غير مصنف / يحتاج تحديد,
36,التعليق_على_مافعله_صعافقة_برمنجهام.m4a,غير مصنف / يحتاج تحديد,
37,التوحيد٢٢.m4a,غير مصنف / يحتاج تحديد,
38,التٙعليق_علىٰ_باب_اتباع_سنن_اليهود_والنصارى.m4a,غير مصنف / يحتاج تحديد,
39,الدرس السابع عشر.m4a,غير مصنف / يحتاج تحديد,
40,الدُّخَان ٢٩ - ٢ - ١٤٤٢.m4a,غير مصنف / يحتاج تحديد,
41,الرد الشرعي المعقول.m4a,غير مصنف / يحتاج تحديد,
42,الشيخ حسن.m4a,غير مصنف / يحتاج تحديد,
43,العمل الصالح بعد رمضان.m4a,غير مصنف / يحتاج تحديد,
44,المورد العذب٢.m4a,غير مصنف / يحتاج تحديد,
45,المورد.m4a,غير مصنف / يحتاج تحديد,
46,أسباب_صلاح_الأولاد@_١٤_١١_١٤٣٩.m4a,غير مصنف / يحتاج تحديد,
47,تأسيس الأحكام.m4a,غير مصنف / يحتاج تحديد,
48,تسجيل جديد ٦٤٥.m4a,غير مصنف / يحتاج تحديد,
49,تفسير سورة الاخلاص والفلق والناس.m4a,غير مصنف / يحتاج تحديد,
50,تفسير_سورة_الشرح_لفضيلة_الشيخ_حسن_بن_محمد_منصور_دغريري_E_mrY_C4CRM.m4a,غير مصنف / يحتاج تحديد,
51,تنبيه اانام.m4a,غير مصنف / يحتاج تحديد,
52,تنبيه الأنام .m4a,غير مصنف / يحتاج تحديد,
53,تنبيه_الانام_على_ما_في_كتاب_سبل_السلام٨١١_١٤٤٧.m4a,غير مصنف / يحتاج تحديد,
54,جديد_ثناء_شيخ_حسن_الدغريري_على_شيخ_احمد_الحكمي.m4a,غير مصنف / يحتاج تحديد,
55,جمعية_الدعوة_والإرشاد_في_محافظة_صامطة_الدرس_الأول_شرح_أركان_الإيمان.m4a,غير مصنف / يحتاج تحديد,
56,حسن (1) (1).m4a,غير مصنف / يحتاج تحديد,
57,خروج الدابة في آخر الزمان.m4a,غير مصنف / يحتاج تحديد,
58,خروج المسيح الدجال.m4a,غير مصنف / يحتاج تحديد,
59,درر وفوائد - فضل الدعوة إلى الله.m4a,غير مصنف / يحتاج تحديد,
60,دغريري.mp3.m4a,غير مصنف / يحتاج تحديد,
61,ش_عبد_الهادي_ش_حسن_الدغريري_ش_خالد_نمازي.m4a,غير مصنف / يحتاج تحديد,
62,شرح_كتاب_التوحيد_للشيخ_حسن_بن_محمد_الدغريري.m4a,غير مصنف / يحتاج تحديد,
63,صفة الجنة من سورة الواقعة (معدلة)2.m4a,غير مصنف / يحتاج تحديد,
64,صفة الجنة من سورة الواقعة 1.m4a,غير مصنف / يحتاج تحديد,
65,صلاتي الفجر والعصر.m4a,غير مصنف / يحتاج تحديد,
66,عمده_الاحكام الشيخ_حسن_الدغريري حفظه.m4a,غير مصنف / يحتاج تحديد,
67,قراءة_مقال_وفاة_الشيخ_ناصر_قحل_رحمه_الله.m4a,غير مصنف / يحتاج تحديد,
68,قصة ابني آدم ٢٠ - ٦ - ١٤٣٨.m4a,غير مصنف / يحتاج تحديد,
69,قصة_الإسراء_والمعراج_٢٧_٧_١٤٣٩.m4a,غير مصنف / يحتاج تحديد,
70,كلمة_توجيهية_بين_يدي_مجالس_قراءة_الملخص_شرح_كتاب_التوحيد.m4a,غير مصنف / يحتاج تحديد,
71,كلمة_لابن_عقيل_عن_النجمي_رحمه_الله.m4a,غير مصنف / يحتاج تحديد,
72,مفاسد المظاهرات.m4a,غير مصنف / يحتاج تحديد,
73,موجز التوحيد.m4a,غير مصنف / يحتاج تحديد,
74,مورد العذب.m4a,غير مصنف / يحتاج تحديد,
75,نصيحة العلامة النجمي.m4a,غير مصنف / يحتاج تحديد,
76,وقفات في الزكاة ( ١ ) .m4a,غير مصنف / يحتاج تحديد,
77,وقفات في الزكاة ( ٢ ).m4a,غير مصنف / يحتاج تحديد,
78,AUD-20181213-WA0047.m4a,AUD-YYYYMMDD-WA,13/12/2018
79,AUD-20181229-WA0010.m4a,AUD-YYYYMMDD-WA,29/12/2018
80,AUD-20190101-WA0019.m4a,AUD-YYYYMMDD-WA,01/01/2019
81,AUD-20190103-WA0033.m4a,AUD-YYYYMMDD-WA,03/01/2019
82,AUD-20190103-WA0035.m4a,AUD-YYYYMMDD-WA,03/01/2019
83,AUD-20190111-WA0005.m4a,AUD-YYYYMMDD-WA,11/01/2019
84,AUD-20190128-WA0011.m4a,AUD-YYYYMMDD-WA,28/01/2019
85,AUD-20210223-WA0002.m4a,AUD-YYYYMMDD-WA,23/02/2021
86,AUD-20210225-WA0003.m4a,AUD-YYYYMMDD-WA,25/02/2021
87,AUD-20210226-WA0002.m4a,AUD-YYYYMMDD-WA,26/02/2021
88,AUD-20210303-WA0000.m4a,AUD-YYYYMMDD-WA,03/03/2021
89,AUD-20210310-WA0000.m4a,AUD-YYYYMMDD-WA,10/03/2021
90,AUD-20210323-WA0004.m4a,AUD-YYYYMMDD-WA,23/03/2021
91,AUD-20210407-WA0000.m4a,AUD-YYYYMMDD-WA,07/04/2021
92,AUD-20210515-WA0004.m4a,AUD-YYYYMMDD-WA,15/05/2021
93,AUD-20210519-WA0001.m4a,AUD-YYYYMMDD-WA,19/05/2021
94,AUD-20210525-WA0001.m4a,AUD-YYYYMMDD-WA,25/05/2021
95,AUD-20210526-WA0001.m4a,AUD-YYYYMMDD-WA,26/05/2021
96,AUD-20210609-WA0003.m4a,AUD-YYYYMMDD-WA,09/06/2021
97,AUD-20210609-WA0004.m4a,AUD-YYYYMMDD-WA,09/06/2021
98,AUD-20210619-WA0002.m4a,AUD-YYYYMMDD-WA,19/06/2021
99,AUD-20210620-WA0000.m4a,AUD-YYYYMMDD-WA,20/06/2021
100,AUD-20210621-WA0003.m4a,AUD-YYYYMMDD-WA,21/06/2021
101,AUD-20210624-WA0002.m4a,AUD-YYYYMMDD-WA,24/06/2021
102,AUD-20210705-WA0002.m4a,AUD-YYYYMMDD-WA,05/07/2021
103,AUD-20210705-WA0003.m4a,AUD-YYYYMMDD-WA,05/07/2021
104,AUD-20210706-WA0000.m4a,AUD-YYYYMMDD-WA,06/07/2021
105,AUD-20210707-WA0000.m4a,AUD-YYYYMMDD-WA,07/07/2021
106,AUD-20210901-WA0003.m4a,AUD-YYYYMMDD-WA,01/09/2021
107,AUD-20210911-WA0041.m4a,AUD-YYYYMMDD-WA,11/09/2021
108,AUD-20210911-WA0042.m4a,AUD-YYYYMMDD-WA,11/09/2021
109,AUD-20211024-WA0017.m4a,AUD-YYYYMMDD-WA,24/10/2021
110,AUD-20211025-WA0005.m4a,AUD-YYYYMMDD-WA,25/10/2021
111,AUD-20211027-WA0022.m4a,AUD-YYYYMMDD-WA,27/10/2021
112,AUD-20211101-WA0020.m4a,AUD-YYYYMMDD-WA,01/11/2021
113,AUD-20211102-WA0012.m4a,AUD-YYYYMMDD-WA,02/11/2021
114,AUD-20211104-WA0005-[AudioTrimmer.com].m4a,AUD-YYYYMMDD-WA,04/11/2021
115,AUD-20211110-WA0028.m4a,AUD-YYYYMMDD-WA,10/11/2021
116,AUD-20211115-WA0016.m4a,AUD-YYYYMMDD-WA,15/11/2021
117,AUD-20211118-WA0007.m4a,AUD-YYYYMMDD-WA,18/11/2021
118,AUD-20211122-WA0009.m4a,AUD-YYYYMMDD-WA,22/11/2021
119,AUD-20211124-WA0005.m4a,AUD-YYYYMMDD-WA,24/11/2021
120,AUD-20211207-WA0010.m4a,AUD-YYYYMMDD-WA,07/12/2021
121,AUD-20211213-WA0009.m4a,AUD-YYYYMMDD-WA,13/12/2021
122,AUD-20211215-WA0000.m4a,AUD-YYYYMMDD-WA,15/12/2021
123,AUD-20211229-WA0000.m4a,AUD-YYYYMMDD-WA,29/12/2021
124,AUD-20220106-WA0001.m4a,AUD-YYYYMMDD-WA,06/01/2022
125,AUD-20220112-WA0000.m4a,AUD-YYYYMMDD-WA,12/01/2022
126,AUD-20220118-WA0006.m4a,AUD-YYYYMMDD-WA,18/01/2022
127,AUD-20220119-WA0003.m4a,AUD-YYYYMMDD-WA,19/01/2022
128,AUD-20220125-WA0000.m4a,AUD-YYYYMMDD-WA,25/01/2022
129,AUD-20220126-WA0000.m4a,AUD-YYYYMMDD-WA,26/01/2022
130,AUD-20220201-WA0001.m4a,AUD-YYYYMMDD-WA,01/02/2022
131,AUD-20220201-WA0004.m4a,AUD-YYYYMMDD-WA,01/02/2022
132,AUD-20220215-WA0007.m4a,AUD-YYYYMMDD-WA,15/02/2022
133,AUD-20220219-WA0002.m4a,AUD-YYYYMMDD-WA,19/02/2022
134,AUD-20220221-WA0001.m4a,AUD-YYYYMMDD-WA,21/02/2022
135,AUD-20220224-WA0008.m4a,AUD-YYYYMMDD-WA,24/02/2022
136,AUD-20220226-WA0005.m4a,AUD-YYYYMMDD-WA,26/02/2022
137,AUD-20220302-WA0000.m4a,AUD-YYYYMMDD-WA,02/03/2022
138,AUD-20220310-WA0003.m4a,AUD-YYYYMMDD-WA,10/03/2022
139,AUD-20220310-WA0004.m4a,AUD-YYYYMMDD-WA,10/03/2022
140,AUD-20220310-WA0005.m4a,AUD-YYYYMMDD-WA,10/03/2022
141,AUD-20220310-WA0006.m4a,AUD-YYYYMMDD-WA,10/03/2022
142,AUD-20220312-WA0010.m4a,AUD-YYYYMMDD-WA,12/03/2022
143,AUD-20220315-WA0014.m4a,AUD-YYYYMMDD-WA,15/03/2022
144,AUD-20220322-WA0026.m4a,AUD-YYYYMMDD-WA,22/03/2022
145,AUD-20220330-WA0000.m4a,AUD-YYYYMMDD-WA,30/03/2022
146,AUD-20220502-WA0030-[AudioTrimmer.com].m4a,AUD-YYYYMMDD-WA,02/05/2022
147,AUD-20220511-WA0003.m4a,AUD-YYYYMMDD-WA,11/05/2022
148,AUD-20220518-WA0003.m4a,AUD-YYYYMMDD-WA,18/05/2022
149,AUD-20220525-WA0000.m4a,AUD-YYYYMMDD-WA,25/05/2022
150,AUD-20220601-WA0002.m4a,AUD-YYYYMMDD-WA,01/06/2022
151,AUD-20220621-WA0000.m4a,AUD-YYYYMMDD-WA,21/06/2022
152,AUD-20220704-WA0005.m4a,AUD-YYYYMMDD-WA,04/07/2022
153,AUD-20220721-WA0002.m4a,AUD-YYYYMMDD-WA,21/07/2022
154,AUD-20220725-WA0004.m4a,AUD-YYYYMMDD-WA,25/07/2022
155,AUD-20220726-WA0002.m4a,AUD-YYYYMMDD-WA,26/07/2022
156,AUD-20220906-WA0004.m4a,AUD-YYYYMMDD-WA,06/09/2022
157,AUD-20220906-WA0006.m4a,AUD-YYYYMMDD-WA,06/09/2022
158,AUD-20220913-WA0008 (1).m4a,AUD-YYYYMMDD-WA,13/09/2022
159,AUD-20220920-WA0007.m4a,AUD-YYYYMMDD-WA,20/09/2022
160,AUD-20220927-WA0001.m4a,AUD-YYYYMMDD-WA,27/09/2022
161,AUD-20221018-WA0021.m4a,AUD-YYYYMMDD-WA,18/10/2022
162,AUD-20221025-WA0011.m4a,AUD-YYYYMMDD-WA,25/10/2022
163,AUD-20221109-WA0016.m4a,AUD-YYYYMMDD-WA,09/11/2022
164,AUD-20221116-WA0000.m4a,AUD-YYYYMMDD-WA,16/11/2022
165,AUD-20221213-WA0010.m4a,AUD-YYYYMMDD-WA,13/12/2022
166,AUD-20221214-WA0007 (1).m4a,AUD-YYYYMMDD-WA,14/12/2022
167,AUD-20221221-WA0002.m4a,AUD-YYYYMMDD-WA,21/12/2022
168,AUD-20221228-WA0001.m4a,AUD-YYYYMMDD-WA,28/12/2022
169,AUD-20230103-WA0015.m4a,AUD-YYYYMMDD-WA,03/01/2023
170,AUD-20230111-WA0003.m4a,AUD-YYYYMMDD-WA,11/01/2023
171,AUD-20230117-WA0020.m4a,AUD-YYYYMMDD-WA,17/01/2023
172,AUD-20230124-WA0016.m4a,AUD-YYYYMMDD-WA,24/01/2023
173,AUD-20230131-WA0007.m4a,AUD-YYYYMMDD-WA,31/01/2023
174,AUD-20230207-WA0012.m4a,AUD-YYYYMMDD-WA,07/02/2023
175,AUD-20230214-WA0018.m4a,AUD-YYYYMMDD-WA,14/02/2023
176,AUD-20230221-WA0003.m4a,AUD-YYYYMMDD-WA,21/02/2023
177,AUD-20230228-WA0048.m4a,AUD-YYYYMMDD-WA,28/02/2023
178,AUD-20230314-WA0017.m4a,AUD-YYYYMMDD-WA,14/03/2023
179,AUD-20230322-WA0003.m4a,AUD-YYYYMMDD-WA,22/03/2023
180,AUD-20230421-WA0015-[AudioTrimmer.com].m4a,AUD-YYYYMMDD-WA,21/04/2023
181,AUD-20230504-WA0004.m4a,AUD-YYYYMMDD-WA,04/05/2023
182,AUD-20230510-WA0000.m4a,AUD-YYYYMMDD-WA,10/05/2023
183,AUD-20230512-WA0000-[AudioTrimmer.com].m4a,AUD-YYYYMMDD-WA,12/05/2023
184,AUD-20230514-WA0000.m4a,AUD-YYYYMMDD-WA,14/05/2023
185,AUD-20230517-WA0010.m4a,AUD-YYYYMMDD-WA,17/05/2023
186,AUD-20230519-WA0006-[AudioTrimmer.com].m4a,AUD-YYYYMMDD-WA,19/05/2023
187,AUD-20230520-WA0010.m4a,AUD-YYYYMMDD-WA,20/05/2023
188,AUD-20230531-WA0007.m4a,AUD-YYYYMMDD-WA,31/05/2023
189,AUD-20230603-WA0018.m4a,AUD-YYYYMMDD-WA,03/06/2023
190,AUD-20230608-WA0002.m4a,AUD-YYYYMMDD-WA,08/06/2023
191,AUD-20230611-WA0010.m4a,AUD-YYYYMMDD-WA,11/06/2023
192,AUD-20230611-WA0024.m4a,AUD-YYYYMMDD-WA,11/06/2023
193,AUD-20230612-WA0011.m4a,AUD-YYYYMMDD-WA,12/06/2023
194,AUD-20230613-WA0027.m4a,AUD-YYYYMMDD-WA,13/06/2023
195,AUD-20230615-WA0000.m4a,AUD-YYYYMMDD-WA,15/06/2023
196,AUD-20230616-WA0020.m4a,AUD-YYYYMMDD-WA,16/06/2023
197,AUD-20230618-WA0004.m4a,AUD-YYYYMMDD-WA,18/06/2023
198,AUD-20230620-WA0017.m4a,AUD-YYYYMMDD-WA,20/06/2023
199,AUD-20230620-WA0020.m4a,AUD-YYYYMMDD-WA,20/06/2023
200,AUD-20230621-WA0012.m4a,AUD-YYYYMMDD-WA,21/06/2023
201,AUD-20230629-WA0002-[AudioTrimmer.com].m4a,AUD-YYYYMMDD-WA,29/06/2023
202,AUD-20230814-WA0045.m4a,AUD-YYYYMMDD-WA,14/08/2023
203,AUD-20230815-WA0009.m4a,AUD-YYYYMMDD-WA,15/08/2023
204,AUD-20230822-WA0005.m4a,AUD-YYYYMMDD-WA,22/08/2023
205,AUD-20230828-WA0007.m4a,AUD-YYYYMMDD-WA,28/08/2023
206,AUD-20230830-WA0000.m4a,AUD-YYYYMMDD-WA,30/08/2023
207,AUD-20230904-WA0051.m4a,AUD-YYYYMMDD-WA,04/09/2023
208,AUD-20230905-WA0006.m4a,AUD-YYYYMMDD-WA,05/09/2023
209,AUD-20230915-WA0001.m4a,AUD-YYYYMMDD-WA,15/09/2023
210,AUD-20230919-WA0002.m4a,AUD-YYYYMMDD-WA,19/09/2023
211,AUD-20230923-WA0000.m4a,AUD-YYYYMMDD-WA,23/09/2023
212,AUD-20230926-WA0000.m4a,AUD-YYYYMMDD-WA,26/09/2023
213,AUD-20230927-WA0000.m4a,AUD-YYYYMMDD-WA,27/09/2023
214,AUD-20231006-WA0001 (2).m4a,AUD-YYYYMMDD-WA,06/10/2023
215,AUD-20231007-WA0000.m4a,AUD-YYYYMMDD-WA,07/10/2023
216,AUD-20231014-WA0003.m4a,AUD-YYYYMMDD-WA,14/10/2023
217,AUD-20231019-WA0018.m4a,AUD-YYYYMMDD-WA,19/10/2023
218,AUD-20231019-WA0062.m4a,AUD-YYYYMMDD-WA,19/10/2023
219,AUD-20231219-WA0000.m4a,AUD-YYYYMMDD-WA,19/12/2023
220,AUD-20231227-WA0003.m4a,AUD-YYYYMMDD-WA,27/12/2023
221,AUD-20240102-WA0011.m4a,AUD-YYYYMMDD-WA,02/01/2024
222,AUD-20240118-WA0000.m4a,AUD-YYYYMMDD-WA,18/01/2024
223,AUD-20240125-WA0001.m4a,AUD-YYYYMMDD-WA,25/01/2024
224,AUD-20240206-WA0014.m4a,AUD-YYYYMMDD-WA,06/02/2024
225,AUD-20240221-WA0000.m4a,AUD-YYYYMMDD-WA,21/02/2024
226,AUD-20240410-WA0005-[AudioTrimmer.com].m4a,AUD-YYYYMMDD-WA,10/04/2024
227,AUD-20240501-WA0000.m4a,AUD-YYYYMMDD-WA,01/05/2024
228,AUD-20240508-WA0004.m4a,AUD-YYYYMMDD-WA,08/05/2024
229,AUD-20240514-WA0001.m4a,AUD-YYYYMMDD-WA,14/05/2024
230,AUD-20240524-WA0006.m4a,AUD-YYYYMMDD-WA,24/05/2024
231,AUD-20240617-WA0006-[AudioTrimmer.com].m4a,AUD-YYYYMMDD-WA,17/06/2024
232,AUD-20240819-WA0002.m4a,AUD-YYYYMMDD-WA,19/08/2024
233,AUD-20240822-WA0001.m4a,AUD-YYYYMMDD-WA,22/08/2024
234,AUD-20240829-WA0001.m4a,AUD-YYYYMMDD-WA,29/08/2024
235,AUD-20240904-WA0009.m4a,AUD-YYYYMMDD-WA,04/09/2024
236,AUD-20240907-WA0001.m4a,AUD-YYYYMMDD-WA,07/09/2024
237,AUD-20240912-WA0000.m4a,AUD-YYYYMMDD-WA,12/09/2024
238,AUD-20240918-WA0001.m4a,AUD-YYYYMMDD-WA,18/09/2024
239,AUD-20240921-WA0002.m4a,AUD-YYYYMMDD-WA,21/09/2024
240,AUD-20240924-WA0000.m4a,AUD-YYYYMMDD-WA,24/09/2024
241,AUD-20241011-WA0005.m4a,AUD-YYYYMMDD-WA,11/10/2024
242,AUD-20241012-WA0030.m4a,AUD-YYYYMMDD-WA,12/10/2024
243,AUD-20241020-WA0003.m4a,AUD-YYYYMMDD-WA,20/10/2024
244,AUD-20241030-WA0012.m4a,AUD-YYYYMMDD-WA,30/10/2024
245,AUD-20241104-WA0002.m4a,AUD-YYYYMMDD-WA,04/11/2024
246,AUD-20241122-WA0002.m4a,AUD-YYYYMMDD-WA,22/11/2024
247,AUD-20241123-WA0002.m4a,AUD-YYYYMMDD-WA,23/11/2024
248,AUD-20241207-WA0002.m4a,AUD-YYYYMMDD-WA,07/12/2024
249,AUD-20241211-WA0003.m4a,AUD-YYYYMMDD-WA,11/12/2024
250,AUD-20241216-WA0007.m4a,AUD-YYYYMMDD-WA,16/12/2024
251,AUD-20241218-WA0003.m4a,AUD-YYYYMMDD-WA,18/12/2024
252,AUD-20241223-WA0022.m4a,AUD-YYYYMMDD-WA,23/12/2024
253,AUD-20241223-WA0026.m4a,AUD-YYYYMMDD-WA,23/12/2024
254,AUD-20241225-WA0011.m4a,AUD-YYYYMMDD-WA,25/12/2024
255,AUD-20241228-WA0001.m4a,AUD-YYYYMMDD-WA,28/12/2024
256,AUD-20250102-WA0000.m4a,AUD-YYYYMMDD-WA,02/01/2025
257,AUD-20250108-WA0028.m4a,AUD-YYYYMMDD-WA,08/01/2025
258,AUD-20250108-WA0030.m4a,AUD-YYYYMMDD-WA,08/01/2025
259,AUD-20250113-WA0001.m4a,AUD-YYYYMMDD-WA,13/01/2025
260,AUD-20250126-WA0002.m4a,AUD-YYYYMMDD-WA,26/01/2025
261,AUD-20250126-WA0004.m4a,AUD-YYYYMMDD-WA,26/01/2025
262,AUD-20250126-WA0006.m4a,AUD-YYYYMMDD-WA,26/01/2025
263,AUD-20250126-WA0007.m4a,AUD-YYYYMMDD-WA,26/01/2025
264,AUD-20250202-WA0000.m4a,AUD-YYYYMMDD-WA,02/02/2025
265,AUD-20250210-WA0000.m4a,AUD-YYYYMMDD-WA,10/02/2025
266,AUD-20250210-WA0001.m4a,AUD-YYYYMMDD-WA,10/02/2025
267,AUD-20250217-WA0027.m4a,AUD-YYYYMMDD-WA,17/02/2025
268,AUD-20250218-WA0001.m4a,AUD-YYYYMMDD-WA,18/02/2025
269,AUD-20250225-WA0001.m4a,AUD-YYYYMMDD-WA,25/02/2025
270,AUD-20250330-WA0033-[AudioTrimmer.com].m4a,AUD-YYYYMMDD-WA,30/03/2025
271,AUD-20250421-WA0000.m4a,AUD-YYYYMMDD-WA,21/04/2025
272,AUD-20250424-WA0002.m4a,AUD-YYYYMMDD-WA,24/04/2025
273,AUD-20250426-WA0002.m4a,AUD-YYYYMMDD-WA,26/04/2025
274,AUD-20250430-WA0004.m4a,AUD-YYYYMMDD-WA,30/04/2025
275,AUD-20250501-WA0001.m4a,AUD-YYYYMMDD-WA,01/05/2025
276,AUD-20250503-WA0011.m4a,AUD-YYYYMMDD-WA,03/05/2025
277,AUD-20250505-WA0001.m4a,AUD-YYYYMMDD-WA,05/05/2025
278,AUD-20250514-WA0002.m4a,AUD-YYYYMMDD-WA,14/05/2025
279,AUD-20250524-WA0007.m4a,AUD-YYYYMMDD-WA,24/05/2025
280,AUD-20250526-WA0009.m4a,AUD-YYYYMMDD-WA,26/05/2025
281,AUD-20250604-WA0003.m4a,AUD-YYYYMMDD-WA,04/06/2025
282,AUD-20250612-WA0000.m4a,AUD-YYYYMMDD-WA,12/06/2025
283,AUD-20250614-WA0004.m4a,AUD-YYYYMMDD-WA,14/06/2025
284,AUD-20250618-WA0004.m4a,AUD-YYYYMMDD-WA,18/06/2025
285,AUD-20250624-WA0002.m4a,AUD-YYYYMMDD-WA,24/06/2025
286,AUD-20250630-WA0008.m4a,AUD-YYYYMMDD-WA,30/06/2025
287,AUD-20250630-WA0009.m4a,AUD-YYYYMMDD-WA,30/06/2025
288,AUD-20250630-WA0010.m4a,AUD-YYYYMMDD-WA,30/06/2025
289,AUD-20250702-WA0001.m4a,AUD-YYYYMMDD-WA,02/07/2025
290,AUD-20250706-WA0001.m4a,AUD-YYYYMMDD-WA,06/07/2025
291,AUD-20250708-WA0001.m4a,AUD-YYYYMMDD-WA,08/07/2025
292,AUD-20250708-WA0003.m4a,AUD-YYYYMMDD-WA,08/07/2025
293,AUD-20250712-WA0006.m4a,AUD-YYYYMMDD-WA,12/07/2025
294,AUD-20250715-WA0005.m4a,AUD-YYYYMMDD-WA,15/07/2025
295,AUD-20250718-WA0005.m4a,AUD-YYYYMMDD-WA,18/07/2025
296,AUD-20250806-WA0000.m4a,AUD-YYYYMMDD-WA,06/08/2025
297,AUD-20250806-WA0001.m4a,AUD-YYYYMMDD-WA,06/08/2025
298,AUD-20260318-WA0004 (1).m4a,AUD-YYYYMMDD-WA,18/03/2026
299,AUD-20260415-WA0041.m4a,AUD-YYYYMMDD-WA,15/04/2026
300,AUD-20260505-WA0051.m4a,AUD-YYYYMMDD-WA,05/05/2026
301,AUD-20260508-WA0048.m4a,AUD-YYYYMMDD-WA,08/05/2026
302,AUDIO-2025-12-22-14-05-28-2-buruj.m4a,AUDIO-2025/2026,22/12/2025
303,AUDIO-2025-12-24-17-02-41.m4a,AUDIO-2025/2026,24/12/2025
304,AUDIO-2026-02-04-21-23-40.m4a,AUDIO-2025/2026,04/02/2026
305,AUDIO-2026-02-08-07-36-29.m4a,AUDIO-2025/2026,08/02/2026
306,AUDIO-2026-02-08-07-40-16.m4a,AUDIO-2025/2026,08/02/2026
307,AUDIO-2026-02-08-16-05-06.m4a,AUDIO-2025/2026,08/02/2026
308,AUDIO-2026-02-08-17-34-17.m4a,AUDIO-2025/2026,08/02/2026
309,AUDIO-2026-02-08-17-34-48.m4a,AUDIO-2025/2026,08/02/2026
310,AUDIO-2026-02-09-17-38-22.m4a,AUDIO-2025/2026,09/02/2026
311,AUDIO-2026-02-09-17-38-56.m4a,AUDIO-2025/2026,09/02/2026
312,AUDIO-2026-02-10-17-17-01.m4a,AUDIO-2025/2026,10/02/2026
313,AUDIO-2026-02-12-10-51-44.m4a,AUDIO-2025/2026,12/02/2026
314,AUDIO-2026-02-14-11-01-26.m4a,AUDIO-2025/2026,14/02/2026
315,AUDIO-2026-02-14-11-04-13.m4a,AUDIO-2025/2026,14/02/2026
316,AUDIO-2026-02-14-11-05-59.m4a,AUDIO-2025/2026,14/02/2026
317,AUDIO-2026-02-18-06-10-05.m4a,AUDIO-2025/2026,18/02/2026
318,AUDIO-2026-02-18-17-29-16.m4a,AUDIO-2025/2026,18/02/2026
319,AUDIO-2026-02-19-16-46-55.m4a,AUDIO-2025/2026,19/02/2026
320,AUDIO-2026-02-20-19-13-30.m4a,AUDIO-2025/2026,20/02/2026
321,AUDIO-2026-02-21-23-01-03.m4a,AUDIO-2025/2026,21/02/2026
322,AUDIO-2026-02-23-16-47-33.m4a,AUDIO-2025/2026,23/02/2026
323,AUDIO-2026-02-24-16-39-47.m4a,AUDIO-2025/2026,24/02/2026
324,AUDIO-2026-02-25-16-43-26.m4a,AUDIO-2025/2026,25/02/2026
325,AUDIO-2026-02-26-17-36-14.m4a,AUDIO-2025/2026,26/02/2026
326,AUDIO-2026-02-27-19-07-19.m4a,AUDIO-2025/2026,27/02/2026
327,AUDIO-2026-02-28-16-47-11.m4a,AUDIO-2025/2026,28/02/2026
328,AUDIO-2026-03-01-20-00-52.m4a,AUDIO-2025/2026,01/03/2026
329,AUDIO-2026-03-02-16-55-55.m4a,AUDIO-2025/2026,02/03/2026
330,AUDIO-2026-03-03-16-43-58.m4a,AUDIO-2025/2026,03/03/2026
331,AUDIO-2026-03-04-17-17-37.m4a,AUDIO-2025/2026,04/03/2026
332,AUDIO-2026-03-05-17-27-56.m4a,AUDIO-2025/2026,05/03/2026
333,AUDIO-2026-03-08-20-15-05.m4a,AUDIO-2025/2026,08/03/2026
334,AUDIO-2026-03-08-20-28-21.m4a,AUDIO-2025/2026,08/03/2026
335,AUDIO-2026-03-08-20-29-13.m4a,AUDIO-2025/2026,08/03/2026
336,AUDIO-2026-03-09-17-37-22.m4a,AUDIO-2025/2026,09/03/2026
337,AUDIO-2026-03-10-16-46-27.m4a,AUDIO-2025/2026,10/03/2026
338,AUDIO-2026-03-11-20-00-45.m4a,AUDIO-2025/2026,11/03/2026
339,AUDIO-2026-03-12-19-01-09.m4a,AUDIO-2025/2026,12/03/2026
340,AUDIO-2026-03-13-17-29-05.m4a,AUDIO-2025/2026,13/03/2026
341,AUDIO-2026-03-14-19-39-15.m4a,AUDIO-2025/2026,14/03/2026
342,AUDIO-2026-03-15-22-34-45.m4a,AUDIO-2025/2026,15/03/2026
343,AUDIO-2026-03-16-17-30-59.m4a,AUDIO-2025/2026,16/03/2026
344,AUDIO-2026-03-17-16-50-53.m4a,AUDIO-2025/2026,17/03/2026
345,AUDIO-2026-03-19-15-33-38.m4a,AUDIO-2025/2026,19/03/2026
346,AUDIO-2026-03-19-20-17-08.m4a,AUDIO-2025/2026,19/03/2026
347,AUDIO-2026-03-21-00-33-34.m4a,AUDIO-2025/2026,21/03/2026
348,AUDIO-2026-03-29-23-52-32.m4a,AUDIO-2025/2026,29/03/2026
349,AUDIO-2026-03-29-23-55-49.m4a,AUDIO-2025/2026,29/03/2026
350,AUDIO-2026-03-30-20-59-55.m4a,AUDIO-2025/2026,30/03/2026
351,AUDIO-2026-03-30-21-01-25.m4a,AUDIO-2025/2026,30/03/2026
352,AUDIO-2026-03-31-21-51-26.m4a,AUDIO-2025/2026,31/03/2026
353,AUDIO-2026-04-01-17-00-50.m4a,AUDIO-2025/2026,01/04/2026
354,AUDIO-2026-04-04-08-26-22.m4a,AUDIO-2025/2026,04/04/2026
355,AUDIO-2026-04-04-08-30-42.m4a,AUDIO-2025/2026,04/04/2026
356,AUDIO-2026-04-04-21-54-53.m4a,AUDIO-2025/2026,04/04/2026
357,AUDIO-2026-04-04-22-00-41.m4a,AUDIO-2025/2026,04/04/2026
358,AUDIO-2026-04-05-19-27-40.m4a,AUDIO-2025/2026,05/04/2026
359,AUDIO-2026-04-05-19-32-54.m4a,AUDIO-2025/2026,05/04/2026
360,AUDIO-2026-04-05-23-17-44.m4a,AUDIO-2025/2026,05/04/2026
361,AUDIO-2026-04-06-19-17-42.m4a,AUDIO-2025/2026,06/04/2026
362,AUDIO-2026-04-06-19-19-46.m4a,AUDIO-2025/2026,06/04/2026
363,AUDIO-2026-04-07-19-40-30.m4a,AUDIO-2025/2026,07/04/2026
364,AUDIO-2026-04-08-18-26-52.m4a,AUDIO-2025/2026,08/04/2026
365,AUDIO-2026-04-11-08-31-40.m4a,AUDIO-2025/2026,11/04/2026
366,AUDIO-2026-04-11-08-34-04.m4a,AUDIO-2025/2026,11/04/2026
367,AUDIO-2026-04-11-22-02-46.m4a,AUDIO-2025/2026,11/04/2026
368,AUDIO-2026-04-11-22-49-59.m4a,AUDIO-2025/2026,11/04/2026
369,AUDIO-2026-04-11-22-57-54.m4a,AUDIO-2025/2026,11/04/2026
370,AUDIO-2026-04-13-02-55-07.m4a,AUDIO-2025/2026,13/04/2026
371,AUDIO-2026-04-13-02-58-34.m4a,AUDIO-2025/2026,13/04/2026
372,AUDIO-2026-04-13-17-35-29.m4a,AUDIO-2025/2026,13/04/2026
373,AUDIO-2026-04-13-17-36-14.m4a,AUDIO-2025/2026,13/04/2026
374,AUDIO-2026-04-14-14-06-42.m4a,AUDIO-2025/2026,14/04/2026
375,AUDIO-2026-04-14-14-13-51.m4a,AUDIO-2025/2026,14/04/2026
376,AUDIO-2026-04-15-20-46-56.m4a,AUDIO-2025/2026,15/04/2026
377,AUDIO-2026-04-15-21-10-32.m4a,AUDIO-2025/2026,15/04/2026
378,AUDIO-2026-04-15-21-11-35.m4a,AUDIO-2025/2026,15/04/2026
379,AUDIO-2026-04-18-12-20-30.m4a,AUDIO-2025/2026,18/04/2026
380,AUDIO-2026-04-18-20-48-22.m4a,AUDIO-2025/2026,18/04/2026
381,AUDIO-2026-04-18-20-49-59.m4a,AUDIO-2025/2026,18/04/2026
382,AUDIO-2026-04-20-09-39-58.m4a,AUDIO-2025/2026,20/04/2026
383,AUDIO-2026-04-20-09-41-03.m4a,AUDIO-2025/2026,20/04/2026
384,AUDIO-2026-04-20-18-06-20.m4a,AUDIO-2025/2026,20/04/2026
385,AUDIO-2026-04-21-16-43-01.m4a,AUDIO-2025/2026,21/04/2026
386,AUDIO-2026-04-22-18-26-40.m4a,AUDIO-2025/2026,22/04/2026
387,AUDIO-2026-04-22-18-34-52.m4a,AUDIO-2025/2026,22/04/2026
388,AUDIO-2026-04-26-18-20-52.m4a,AUDIO-2025/2026,26/04/2026
389,AUDIO-2026-04-27-15-52-42.m4a,AUDIO-2025/2026,27/04/2026
390,AUDIO-2026-04-27-19-08-14.m4a,AUDIO-2025/2026,27/04/2026
391,AUDIO-2026-05-03-15-22-36.m4a,AUDIO-2025/2026,03/05/2026
392,AUDIO-2026-05-03-15-42-02.m4a,AUDIO-2025/2026,03/05/2026
393,AUDIO-2026-05-03-17-33-54.m4a,AUDIO-2025/2026,03/05/2026
394,AUDIO-2026-05-03-17-35-31.m4a,AUDIO-2025/2026,03/05/2026
395,AUDIO-2026-05-04-19-31-46.m4a,AUDIO-2025/2026,04/05/2026
396,AUDIO-2026-05-06-19-17-06 (1).m4a,AUDIO-2025/2026,06/05/2026
397,AUDIO-2026-05-10-23-26-47.m4a,AUDIO-2025/2026,10/05/2026
398,AUDIO-2026-05-10-23-30-14.m4a,AUDIO-2025/2026,10/05/2026
399,AUDIO-2026-05-11-08-21-22.m4a,AUDIO-2025/2026,11/05/2026
400,AUDIO-2026-05-11-08-23-48.m4a,AUDIO-2025/2026,11/05/2026
401,AUDIO-2026-05-11-17-57-14.m4a,AUDIO-2025/2026,11/05/2026
402,AUDIO-2026-05-12-14-17-26.m4a,AUDIO-2025/2026,12/05/2026
403,AUDIO-2026-05-12-17-05-28.m4a,AUDIO-2025/2026,12/05/2026
404,AUDIO-2026-05-15-21-57-08.m4a,AUDIO-2025/2026,15/05/2026
405,AUDIO-2026-05-17-20-18-16.m4a,AUDIO-2025/2026,17/05/2026
406,AUDIO-2026-05-18-18-08-46.m4a,AUDIO-2025/2026,18/05/2026
407,AUDIO-2026-05-18-20-33-02.m4a,AUDIO-2025/2026,18/05/2026
408,AUDIO-2026-05-27-07-05-28.m4a,AUDIO-2025/2026,27/05/2026
