#,Filename,Series,LessonNumber,Notes
1,التعليق على الأربعين النووبة 15.m4a,التعليق على الأربعين النووية,15,Typo in filename: النووبة should be النووية
2,التعليق على الأربعين النووية 01.m4a,التعليق على الأربعين النووية,01,
3,التعليق على الأربعين النووية 02.m4a,التعليق على الأربعين النووية,02,
4,التعليق على الأربعين النووية 03.m4a,التعليق على الأربعين النووية,03,
5,التعليق على الأربعين النووية 04.m4a,التعليق على الأربعين النووية,04,
6,التعليق على الأربعين النووية 05.m4a,التعليق على الأربعين النووية,05,
7,التعليق على الأربعين النووية 06.m4a,التعليق على الأربعين النووية,06,
8,التعليق على الأربعين النووية 07.m4a,التعليق على الأربعين النووية,07,
9,التعليق على الأربعين النووية 08.m4a,التعليق على الأربعين النووية,08,
10,التعليق على الأربعين النووية 09.m4a,التعليق على الأربعين النووية,09,
11,التعليق على الأربعين النووية 10.m4a,التعليق على الأربعين النووية,10,
12,التعليق على الأربعين النووية 11.m4a,التعليق على الأربعين النووية,11,
13,التعليق على الأربعين النووية 12.m4a,التعليق على الأربعين النووية,12,
14,التعليق على الأربعين النووية 13.m4a,التعليق على الأربعين النووية,13,
15,التعليق على الأربعين النووية 14.m4a,التعليق على الأربعين النووية,14,
16,التعليق على الأربعين النووية 16.m4a,التعليق على الأربعين النووية,16,
17,التعليق على الأربعين النووية 17.m4a,التعليق على الأربعين النووية,17,
18,التعليق على الأربعين النووية 18.m4a,التعليق على الأربعين النووية,18,
19,التعليق على الأربعين النووية 19.m4a,التعليق على الأربعين النووية,19,
20,التعليق على الأربعين النووية 20.m4a,التعليق على الأربعين النووية,20,
21,التعليق على الأربعين النووية 21.m4a,التعليق على الأربعين النووية,21,
22,التعليق على الأربعين النووية 22.m4a,التعليق على الأربعين النووية,22,
23,التعليق على الأربعين النووية 23.m4a,التعليق على الأربعين النووية,23,
24,التعليق على الأربعين النووية 24.m4a,التعليق على الأربعين النووية,24,
25,التعليق على الأربعين النووية 25.m4a,التعليق على الأربعين النووية,25,
26,التعليق على الأربعين النووية 26.m4a,التعليق على الأربعين النووية,26,
27,التعليق على الأربعين النووية 27.m4a,التعليق على الأربعين النووية,27,
28,التعليق على الأربعين النووية 28.m4a,التعليق على الأربعين النووية,28,
29,التعليق على الأربعين النووية 29.m4a,التعليق على الأربعين النووية,29,
30,التعليق على الأربعين النووية 30.m4a,التعليق على الأربعين النووية,30,
31,التعليق على الأربعين النووية 31.m4a,التعليق على الأربعين النووية,31,
32,التعليق على الأربعين النووية 32.m4a,التعليق على الأربعين النووية,32,
33,التعليق على الأربعين النووية 33.m4a,التعليق على الأربعين النووية,33,
34,التعليق على الأربعين النووية 34.m4a,التعليق على الأربعين النووية,34,
35,التعليق على الأربعين النووية 35.m4a,التعليق على الأربعين النووية,35,
36,التعليق على الأربعين النووية 36.m4a,التعليق على الأربعين النووية,36,
37,التعليق على الأربعين النووية 37.m4a,التعليق على الأربعين النووية,37,
38,التعليق على الأربعين النووية 38.m4a,التعليق على الأربعين النووية,38,
39,التعليق على الأربعين النووية 39.m4a,التعليق على الأربعين النووية,39,
40,التعليق على الأربعين النووية 40.m4a,التعليق على الأربعين النووية,40,
41,التعليق على الأربعين النووية 41.m4a,التعليق على الأربعين النووية,41,
42,التعليق_على_الأربعين_النووية_42_والأخير.m4a,التعليق على الأربعين النووية,,
43,التعليق على مجالس شهر رمضان 01.m4a,التعليق على مجالس شهر رمضان,01,
44,التعليق على مجالس شهر رمضان 02.m4a,التعليق على مجالس شهر رمضان,02,
45,التعليق على مجالس شهر رمضان 03.m4a,التعليق على مجالس شهر رمضان,03,
46,التعليق على مجالس شهر رمضان 04.m4a,التعليق على مجالس شهر رمضان,04,
47,التعليق على مجالس شهر رمضان 05.m4a,التعليق على مجالس شهر رمضان,05,
48,التعليق على مجالس شهر رمضان 06.m4a,التعليق على مجالس شهر رمضان,06,
49,التعليق على مجالس شهر رمضان 07.m4a,التعليق على مجالس شهر رمضان,07,
50,التعليق على مجالس شهر رمضان 08.m4a,التعليق على مجالس شهر رمضان,08,
51,التعليق على مجالس شهر رمضان 09.m4a,التعليق على مجالس شهر رمضان,09,
52,التعليق على مجالس شهر رمضان 10.m4a,التعليق على مجالس شهر رمضان,10,
53,التعليق على مجالس شهر رمضان 11.m4a,التعليق على مجالس شهر رمضان,11,
54,التعليق على مجالس شهر رمضان 12.m4a,التعليق على مجالس شهر رمضان,12,
55,التعليق على مجالس شهر رمضان 14.m4a,التعليق على مجالس شهر رمضان,14,
56,التعليق على مجالس شهر رمضان 15.m4a,التعليق على مجالس شهر رمضان,15,
57,التعليق على مجالس شهر رمضان 16.m4a,التعليق على مجالس شهر رمضان,16,
58,التعليق على مجالس شهر رمضان 17.m4a,التعليق على مجالس شهر رمضان,17,
59,التعليق على مجالس شهر رمضان 18.m4a,التعليق على مجالس شهر رمضان,18,
60,التعليق على مجالس شهر رمضان 19.m4a,التعليق على مجالس شهر رمضان,19,
61,التعليق على مجالس شهر رمضان 20.m4a,التعليق على مجالس شهر رمضان,20,
62,التعليق على مجالس شهر رمضان 21.m4a,التعليق على مجالس شهر رمضان,21,
63,التعليق على مجالس شهر رمضان 22.m4a,التعليق على مجالس شهر رمضان,22,
64,التعليق على مجالس شهر رمضان 23.m4a,التعليق على مجالس شهر رمضان,23,
65,التعليق على مجالس شهر رمضان 24.m4a,التعليق على مجالس شهر رمضان,24,
66,التعليق على مجالس شهر رمضان 25.m4a,التعليق على مجالس شهر رمضان,25,
67,التعليق على مجالس شهر رمضان 26.m4a,التعليق على مجالس شهر رمضان,26,
68,التعليق على مجالس شهر رمضان 27.m4a,التعليق على مجالس شهر رمضان,27,
69,التعليق على مجالس شهر رمضان 28.m4a,التعليق على مجالس شهر رمضان,28,
70,التعليق على مجالس شهر رمضان 29.m4a,التعليق على مجالس شهر رمضان,29,
71,التعليق على مجالس شهر رمضان 30.m4a,التعليق على مجالس شهر رمضان,30,
72,التعليق_على_كتاب_مجالس_شهر_رمضان_13.m4a,التعليق على مجالس شهر رمضان,13,
73,التعليق على شرح كتاب التوحيد 01.m4a,التعليق على كتاب التوحيد,01,
74,التعليق على شرح كتاب التوحيد 02.m4a,التعليق على كتاب التوحيد,02,
75,التعليق على شرح كتاب التوحيد 08.m4a,التعليق على كتاب التوحيد,08,
76,التعليق على شرح كتاب التوحيد 09.m4a,التعليق على كتاب التوحيد,09,
77,التعليق على شرح كتاب التوحيد 10.m4a,التعليق على كتاب التوحيد,10,
78,التعليق على شرح كتاب التوحيد 11.m4a,التعليق على كتاب التوحيد,11,
79,التعليق على شرح كتاب التوحيد 12.m4a,التعليق على كتاب التوحيد,12,
80,التعليق على شرح كتاب التوحيد 13.m4a,التعليق على كتاب التوحيد,13,
81,التعليق على شرح كتاب التوحيد 14.m4a,التعليق على كتاب التوحيد,14,
82,التعليق على شرح كتاب التوحيد 15.m4a,التعليق على كتاب التوحيد,15,
83,التعليق على شرح كتاب التوحيد 16.m4a,التعليق على كتاب التوحيد,16,
84,التعليق على شرح كتاب التوحيد 17.m4a,التعليق على كتاب التوحيد,17,
85,التعليق على شرح كتاب التوحيد 19.m4a,التعليق على كتاب التوحيد,19,
86,التعليق على شرح كتاب التوحيد 20.m4a,التعليق على كتاب التوحيد,20,
87,التعليق على شرح كتاب التوحيد 21.m4a,التعليق على كتاب التوحيد,21,
88,التعليق على شرح كتاب التوحيد 25.m4a,التعليق على كتاب التوحيد,25,
89,التعليق على كتاب التوحيد 03.m4a,التعليق على كتاب التوحيد,03,
90,التعليق على كتاب التوحيد 04.m4a,التعليق على كتاب التوحيد,04,
91,التعليق على كتاب التوحيد 05.m4a,التعليق على كتاب التوحيد,05,
92,التعليق على كتاب التوحيد 06.m4a,التعليق على كتاب التوحيد,06,
93,التعليق على كتاب التوحيد 07.m4a,التعليق على كتاب التوحيد,07,
94,التعليق على كتاب التوحيد 18.m4a,التعليق على كتاب التوحيد,18,
95,01_شرح_رسالة_بعض_فوائد_سورة_الفاتحة_ليلة_21_ربيع_الثاني_1437.m4a,شرح فوائد سورة الفاتحة,01,
96,02_شرح_رسالة_بعض_فوائد_سورة_الفاتحة_ليلة_28_ربيع_الثاني_1437.m4a,شرح فوائد سورة الفاتحة,02,
97,03_شرح_رسالة_بعض_فوائد_سورة_الفاتحة_ليلة_05_جمادى_الأولى_1437.m4a,شرح فوائد سورة الفاتحة,03,
98,التعليق على إرشاد الساري  25.m4a,التعليق على إرشاد الساري,25,
99,التعليق على إرشاد الساري 24.m4a,التعليق على إرشاد الساري,24,
100,التعليق على إرشاد الساري 27.m4a,التعليق على إرشاد الساري,27,
101,التعليق على إرشاد الساري 28.m4a,التعليق على إرشاد الساري,28,
102,التعليق على إرشاد الساري 30.m4a,التعليق على إرشاد الساري,30,
103,التعليق على إرشاد الساري 34.m4a,التعليق على إرشاد الساري,34,
104,التعليق على إرشاد الساري 36.m4a,التعليق على إرشاد الساري,36,
105,التعليق على إرشاد الساري 37.m4a,التعليق على إرشاد الساري,37,
106,التعليق على إرشاد الشاري 35.m4a,التعليق على إرشاد الساري,35,Typo in filename: الشاري should be الساري
107,التعليق على ارشاد الساري 17.m4a,التعليق على إرشاد الساري,17,
108,التعليق على ارشاد الساري 21.m4a,التعليق على إرشاد الساري,21,
109,التعليق على ارشاد الساري 22.m4a,التعليق على إرشاد الساري,22,
110,التعليق على ارشاد الساري 23.m4a,التعليق على إرشاد الساري,23,
111,التعليق على ارشاد الساري 26.m4a,التعليق على إرشاد الساري,26,
112,التعليق على ارشاد الساري 29.m4a,التعليق على إرشاد الساري,29,
113,التعليق على ارشاد الساري 31.m4a,التعليق على إرشاد الساري,31,
114,التعليق على ارشاد الساري 32.m4a,التعليق على إرشاد الساري,32,
115,التعليق على ارشاد الساري 33.m4a,التعليق على إرشاد الساري,33,
116,Tasees37.m4a,تأسيس الأحكام,37,
117,تأسيس_الأحكام_الدرس_رقم_81_باب_الربا_والصرف.m4a,تأسيس الأحكام,81,
118,تأسيس_الأحكام_الدرس_رقم_82_باب_الرهن_وغيره.m4a,تأسيس الأحكام,82,
119,تأسيس_الاحكام_كتاب_الجنائز_الدرس_رقم_٨٣.m4a,تأسيس الأحكام,83,
120,المورد العذب الزلال الدرس 14.m4a,المورد العذب الزلال,14,
121,المورد العذب الزلال الدرس 15.m4a,المورد العذب الزلال,15,
122,المورد العذب الزلال الدرس 16.m4a,المورد العذب الزلال,16,
123,المورد_العذب_الزلال_الدرس_رقم_١٧.m4a,المورد العذب الزلال,17,
124,الأفنان الندية - كتاب الحج الدرس01.m4a,أفنان الندية,,
125,الأفنان_الندية_باب_الرواتب_قبل_الفرائض_وبعدها_الدرس_رقم_٣٥.m4a,أفنان الندية,35,
126,الأفنان_الندية_باب_صلاة_الجمعة_الدرس_30.m4a,أفنان الندية,30,
127,الأفنان_الندية_تابع_باب_صلاة_الجمعة_الدرس_رقم_٣١.m4a,أفنان الندية,31,
128,الأفنان_الندية_تابع_باب_صلاة_الجمعة_الدرس_رقم_٣٢.m4a,أفنان الندية,32,
129,الأفنان_الندية_تابع_باب_صلاة_الجمعة_الدرس_رقم_٣٣.m4a,أفنان الندية,33,
130,الأفنان_الندية_ظاهرة_سيئة_الدرس_رقم_34.m4a,أفنان الندية,34,
131,الأفنان_الندية_كتاب_الحج_الدرس_02.m4a,أفنان الندية,02,
132,الأفنان_الندية_كتاب_الحج_الدرس_03.m4a,أفنان الندية,03,
133,الأفنان_الندية_كتاب_الحج_الدرس_04.m4a,أفنان الندية,04,
134,الأفنان_الندية_كتاب_الحج_الدرس_05.m4a,أفنان الندية,05,
135,الأفنان_الندية_كتاب_الحج_الدرس_06.m4a,أفنان الندية,06,
136,الأفنان_الندية_كتاب_الحج_الدرس_07.m4a,أفنان الندية,07,
137,MukhtasarSeerah.m4a,السيرة النبوية والصحابة,,
138,السيره٢٩.m4a,السيرة النبوية والصحابة,,
139,درس_السيره_النبويه_٨_ذو_القعده١٤٤٧.m4a,السيرة النبوية والصحابة,,
140,سيرة عثمان بن عفان - رضي الله عنه.m4a,السيرة النبوية والصحابة,,
141,سيرة عمر بن الخطاب - رضي الله عنه.m4a,السيرة النبوية والصحابة,,
142,سيرة_أبوبكر_الصديق_رضي_الله_عنه.m4a,السيرة النبوية والصحابة,,
143,سيرة_علي_بن_أبي_طالب_رضي_الله_عنه.m4a,السيرة النبوية والصحابة,,
144,الموجز الممهد٢٩.m4a,الموجز الممهد,,
145,شرح الفقه الميسر 17 (كتاب الصلاة).m4a,الفقه الميسر,,
146,التعليق على الأصول الستة الدرس 01.m4a,التعليق على الأصول الستة,01,
147,التعليق على الأصول الستة الدرس 02.m4a,التعليق على الأصول الستة,02,
148,الاحتفال_بعيد_رأس_السنة_الميلادية_معدلة.m4a,خطب الجمعة والمناسبات,,
149,النصيحة_خطبة_جمعة_لفضيلة_الشيخ_حسن_بن_محمد_منصور_دغريري_ja7eog4Jt5w.m4a,خطب الجمعة والمناسبات,,
150,تلاوة_طيبة_للشيخ_حسن_الدغريري_صلاة_الجمعة.m4a,خطب الجمعة والمناسبات,,
151,خطبة الاستسقاء ٤ - ٤ - ١٤٤٢.m4a,خطب الجمعة والمناسبات,,
152,خطبة عيد الأضحى المبارك ١٤٤١.m4a,خطب الجمعة والمناسبات,,
153,خطبة عيد الأضحى ١٤٤٢.m4a,خطب الجمعة والمناسبات,,
154,خطبة_عيد_الفطر_المبارك_لعام_١٤٤٠.m4a,خطب الجمعة والمناسبات,,
155,صلاة الاستسقاء.m4a,خطب الجمعة والمناسبات,,
