DB#,LessonNum,MsgID,GregDate,HijriDate,AudioFilename,Duration,Chapter
1,1,1151,26/08/2020,,التعليق على شرح كتاب التوحيد 01.m4a,,
2,2,1174,02/09/2020,,التعليق على شرح كتاب التوحيد 02.m4a,,فضل التوحيد وما يكفِّر من الذنوب
3,3,1186,10/09/2020,,التعليق على كتاب التوحيد 03.m4a,,فضل التوحيد وما يكفِّر من الذنوب
4,4,1196,16/09/2020,,التعليق على كتاب التوحيد 04.m4a,,من حقق التوحيد دخل الجنة بغير حساب
5,5,1205,23/09/2020,,التعليق على كتاب التوحيد 05.m4a,,من حقق التوحيد دخل الجنة بغير حساب
6,6,1214,30/09/2020,,التعليق على كتاب التوحيد 06.m4a,,الخوف من الشرك
7,7,1225,07/10/2020,,التعليق على كتاب التوحيد 07.m4a,,الدعاء إلى شهادة أن لا إله إلا الله
8,8,1238,16/10/2020,,التعليق على شرح كتاب التوحيد 08.m4a,,تفسير التوحيد وشهادة أن لا إله إلا الله
9,7,1251,19/10/2020,,درر وفوائد - فضل الدعوة إلى الله.m4a,,التوحيد
10,9,1256,20/10/2020,,التعليق على شرح كتاب التوحيد 09.m4a,,من الشرك لبس الحلقة أو الخيط ونحوهما لرفع البلاء أو دفعه
11,10,1267,27/10/2020,,التعليق على شرح كتاب التوحيد 10.m4a,,ماجاء في الرقى والتمائم
12,11,1272,04/11/2020,,التعليق على شرح كتاب التوحيد 11.m4a,,من تبرك بشجرة أو حجر ونحوهما
13,12,1289,11/11/2020,,التعليق على شرح كتاب التوحيد 12.m4a,,ماجاء في الذبح لغير الله
14,13,1296,18/11/2020,,التعليق على شرح كتاب التوحيد 13.m4a,,لا يذبح لله بمكان يذبح فيه لغير الله
15,14,1305,24/11/2020,,التعليق على شرح كتاب التوحيد 14.m4a,,من الشرك النذر لغير الله
16,15,1314,02/12/2020,,التعليق على شرح كتاب التوحيد 15.m4a,,من الشرك الاستعاذة بغير الله تعالى
17,16,1329,09/12/2020,,التعليق على شرح كتاب التوحيد 16.m4a,,من الشرك أن يستغيث بغير الله تعالى أو يدعو غيره
18,17,1340,16/12/2020,,التعليق على شرح كتاب التوحيد 17.m4a,,
19,18,1372,21/01/2021,,التعليق على كتاب التوحيد 18.m4a,,
20,19,1381,27/01/2021,,التعليق على شرح كتاب التوحيد 19.m4a,,
21,20,1398,10/02/2021,,التعليق على شرح كتاب التوحيد 20.m4a,,
22,,1408,17/02/2021,,التعليق على شرح كتاب التوحيد 21.m4a,,ماجاء أن سبب كفر بني آدم وتركهم دينهم هو الغلو في الصالحين
23,22,1424,03/03/2021,,AUD-20210303-WA0000.m4a,,ماجاء من التغليظ فيمن عبد الله عند قبر رجل صالح فكيف إذا عبده
24,23,1443,10/03/2021,,AUD-20210310-WA0000.m4a,,ماجاء أن الغلو في قبور الصالحين تصيرها أوثانا تعبد من دون الله
25,24,1455,24/03/2021,,AUD-20210323-WA0004.m4a,,ماجاء في حماية المصطفى صلى الله عليه وسلم جناب التوحيد، وسد كل طريق يوصل إلى الشرك
26,25,1481,07/04/2021,,التعليق على شرح كتاب التوحيد 25.mp3,,ماجاء أن بعض هذه الأمة بعبد الأوثان
27,26,1483,07/04/2021,,AUD-20210407-WA0000.m4a,,ماجاء أن بعض هذه الأمة بعبد الأوثان (تكملة)
28,27,1544,19/05/2021,1442/10/06,AUD-20210519-WA0001.m4a,,ماجاء في السحر
29,28,1556,26/05/2021,1442/10/13,AUD-20210526-WA0001.m4a,,بيان شيء من أنواع السحر
30,29,1582,09/06/2021,1442/10/27,AUD-20210609-WA0003.m4a,,ماجاء في الكهان ونحوهم
31,30,1596,20/06/2021,1442/11/05,AUD-20210619-WA0002.m4a,,ماجاء في النُّشرَة
32,31,1621,24/06/2021,1442/11/12,AUD-20210624-WA0002.m4a,,ماجاء في التطيُّر
33,32,1656,05/07/2021,1442/11/19,AUD-20210705-WA0002.m4a,,ماجاء في التنجيم
34,33,1663,07/07/2021,1442/11/26,AUD-20210707-WA0000.m4a,,ماجاء في الاستسقاء بالأنواء
35,34,1724,01/09/2021,,AUD-20210901-WA0003.m4a,,
36,35,1736,13/09/2021,,AUD-20210911-WA0042.m4a,,
37,40,1808,27/10/2021,1443/03/19,AUD-20211027-WA0022.m4a,,من الشرك إرادة الانسان بعمله الدنيا
38,,1823,02/11/2021,1443/03/27,AUD-20211102-WA0012.m4a,,من أطاع العلماء والأمراء في تحريم ما أحل الله أو تحليل ما حرم الله فقد اتخذهم أربابا من دون الله
39,42,1852,19/11/2021,1443/04/10,AUD-20211118-WA0007.m4a,,قول الله تعالى : ( ألم تر إلى الذين يزعمون أنهم آمنوا بما أنزل إليك ...) .
40,43,1866,24/11/2021,1443/04/18,AUD-20211124-WA0005.m4a,,من جحد شيئا من الأسماء والصفات
41,44,1883,08/12/2021,1443/05/03,AUD-20211207-WA0010.m4a,,قول الله تعالى: {يعرفون نعمة الله ثم ينكرونها}
42,45,1907,15/12/2021,1443/05/10,AUD-20211215-WA0000.m4a,,ماجاء فيمن لم يقنع بالحلف بالله
43,46,1928,29/12/2021,1443/05/24,AUD-20211229-WA0000.m4a,,التسمي بقاضي القضاة
44,47,1942,06/01/2022,1443/06/01,AUD-20220106-WA0001.m4a,,ما جاء في قول الله تعالى : ﴿ ولئن أذقناه رحمة منا من بعد ضراء مسته ... ﴾
45,48,1953,12/01/2022,1443/06/08,AUD-20220112-WA0000.m4a,,لا يقال السلام على الله
46,49,1963,20/01/2022,1443/06/15,AUD-20220119-WA0003.m4a,,لا يقول عبدي وأمتي
47,50,1975,27/01/2022,1443/06/22,AUD-20220126-WA0000.m4a,,ما جاء في «لو»
48,,1985,01/02/2022,1443/06/29,AUD-20220201-WA0004.m4a,,ما جاء في المصورين
49,52,2008,09/02/2022,1443/07/07,شرح_كتاب_التوحيد_للشيخ_حسن_بن_محمد_الدغريري.m4a,,ما جاء في ذمة الله وفي ذمة نبيه ﷺ
